prediction_id	chromosome_1	strand_1	position_1	chromosome_2	strand_2	position_2	homology	num_split	inserted	mate_score	template_length_1	log_cdf	template_length_2	log_likelihood	template_length_min	num_reads	num_unique_reads	type	num_inserted	sequence	gene_id_1	gene_name_1	gene_location_1	gene_id_2	gene_name_2	gene_location_2	dgv_ids	is_germline	num_patients	is_filtered	dist_filtered	balanced	rearrangement_type	is_low_mappability	break_distance	position_1_replication_val	position_2_replication_val
5842	1	-	39531279	1	-	39531877	0	15		8.76923076923077	288	-1.8265686229886469	358	-1.539592171096314	288	13	10	inversion	0	ATACAAAGAGAATTGCCCCTGGTCCAGACTTCTTACTCTGATGTCCTGGAGCACTTACTCTCTAGGATGGCAAGAATATAACCTAAGATTGGCTGGTTTTACATGTTTACTCTTTGGATCACAAAATGAGGAAACGGCTCCAGGTATGTTAGCAAGAGACAGTATAAATTATTCCATGGCTGGAGGCCAGAGTCTATTTCCTCTCCAAAAGCCCGCTGTGTACCTTCATTTAGTAAACATTTACCTGCTTCTATTCTATATCACATGTTGGGGAGGTGATGGAATCCT[]ATTTACTATTTAAAGTAGCCAAAGACCACTTCTAGAAATAGAACCTAAAGAAATAATAGCAAATGCATGTAGAGAAAAAAAAGCTAAAAGAAATCTTTGTAAAAAAACAAAACAACAACAACAAAAAAGCGCATTTAGAAGATTTGTTGCAGCATTGTTTGTTTGTTTTGAGACAGGGTCTCACTCTGGCGTCCAGGCGGGAGTGCAGTGGTGAGGTCTCGGCTCACTGCAACCTCTGCCTCCTGGGTTCCAGAGATTCTCGAGCCTCAGCGTCCCAAGTAGCTGGGATTACAGGCATGCGCCACCAAGCCCAGCTAATTTTTGAATTTATTTATTTATTTATTTTTATTCTTATTTT	ENSG00000127603	MACF1	upstream	ENSG00000127603	MACF1	upstream		False	1	False	8079.0	True	balanced	False	598.0	71.0	70.0
442233	14	+	88636228	1	-	150056783	4	5		0.0	122	-1.0926321093978903	235	-0.8620431222201589	122	5	1	translocation	0	GACTAGATCAAGCAGAAGAATTTCAGAGGTTGAAGACCAGTCCTTTGAATTAACTCAGTCAGATAAAAATAAATAAACATATTTTTTTAAAAAAATGAACAAAGCCTTCAAGGAATATGGAA[]TTATATTGGAAACAACTCAGGTTTTGGACCCAGACTGGCTTGGCTTATATCCTACCTCTCCTTACCAAAGTTTCTTTGGGAAAATTACTTGATTTGCCCAAGTCTTGGGGATTATGATTTCAAACTTTCAGACTGTTACGATGATTCAATGAGATATGTAAAATGCTTCACATGTAATAGGTGCTTTGTAAATGTTAGTTCCCTTCCTCTAAGCATGATTTTTTTTTTACACATA	ENSG00000258538	RP11-753D20.3	upstream	ENSG00000136631	VPS45	intron		False	1	False	4717.0	False	unbalanced	False	inf	3.0	33.0
589029	2	-	122615353	2	-	122617990	7	5		0.0	137	-0.35878019047779525	177	-0.4309547488397918	137	5	1	inversion	0	TGAAACTCTGAGGCATCCTGGGGAACACAGAACACAAGCTGATTGGAGCTAGAAAGCCTTCTCAGAGGGCAGGAAAAAATCACTTCCACAGAAGAGGGAGGCAAAAAGATATCAGAGTGTAAAAAAGAAAACAACAG[]GCTGCCTCAAGGAAACCCACAGGCTCCTTCTCATGGAAGTGGCTTCTTTTAGGAACATTGGCTCTGGCCATTCAGTGAAGGACTAAGACAACCACGCTGCCTTCCTTAAGGCCACCTCGACATTCCTGCTGCACTTGTCAGTAGGAATCATGCAACAAGGCTAGGCTTTGCTGATCT	ENSG00000224655	AC018737.3	downstream	ENSG00000224655	AC018737.3	downstream		False	1	False	1648.0	False	foldback	False	2637.0	25.0	23.0
622861	2	+	82525708	2	-	55973170	3	13		0.0	255	-2.468976037872601	334	-1.911688194034183	255	12	10	duplication	0	TGCATCTTGAATGCTTTTCTGCTTAGATTATTTTTTCCACCAGATTTCCTACATCATCACTCAAGTTTAAACTTCCACAAAGCCCCAAGACACGAGCACAAAGCAGCCAAGTTCTTTGCTAATGCATAAGAAGGATAATTTTTTACTCCAGTTCCCAATAAATTTCTCATTTTCATCTGGGACTACATCAGCCTGGACTTTACTGTCCATATCACTATCAGCACTTTGGTCACAATCATTTAATCAATCTCTAAG[]AAGATTTGGGGGTAGAATTTCAAGGTCATAAGGTAAGCATATCTTCAACTTGATTAGATAATGCAACACATTTTCAAATAATTTGTAGCAATTTACATCATTCACATTCTGTAAGTTCCTGATGCTCTGTATTTTGGATAACTCAACACAGTTATTACAGTTAATACAGTTAATTCCATCTGTATAATGTAGTCTGTATTATCAGACTTTTATATTTTTGCTCATCTGATGGATGAGTAGTGGTATTTCGTTGTGGTTTTAAAATACATTTCCCTGAAAAATAATGACATTGAAGATTTAAAAATATGGTATTGGTTGTTGGGATTTTCTCTTT	ENSG00000201311	Y_RNA	downstream	ENSG00000138035	PNPT1	upstream		False	1	False	9705.0	False	unbalanced	False	26552538.0	3.0	11.0
640788	2	+	50155890	2	-	50824585	4	10		0.0	126	-0.0825982903775623	146	-0.3609035107452625	126	5	1	deletion	0	AAAACAACTCAAAGTTTATTACTTTTTCCCATTTTTTTGCTTCAATACAGTGTAGGCCAGAAGAAACAATTATGATGCAATCATTCACAAGAAGCCATGTTTAAATACTACATTTGTAGGAAAGCA[]GGGATACATTCCTTTCCTCTGATCTCTTCTCTTCCCTGTCTTATCTTCATACCTTCATTCTCTAAAGTGGGTGCATCTCAATGTCCTGATGGTTCTGGTTTTCTCCCACGTCTCCTCATTAAACTTCCCAGAATGAGCATGGCATA	ENSG00000179915	NRXN1	intron	ENSG00000179915	NRXN1	intron		False	1	False	4974.0	False	deletion	False	668695.0	35.0	16.0
686750	2	+	175672941	2	+	175672975	7	3		10.2	284	-2.0951115500825503	165	-1.712670730478011	165	5	2	inversion	0	TAGCCTATCTTTTCCAAAAAAACCAGTAATGCTAATACTTAAAACCAATAAGAATTCCCTTCTTTAAAAAATGAAGTGTGAATTACAAGTATGATTTTTACAGCATAAATGAACTTTGACAAATAAACCTTTGCTTTTTCTCATTTTCATTTCAACTAGAATTTACAAAAACTTCTTGATATAAAATAGTGCTTTTTAAAGTACAATGTGTGGGCCAGTGCCAGTTTGCTGTTAATAGTCTGAGTGAACTTATACAAGCACAGAAACTGAGAATAAGAATTTAG[]AAACATAAAATTTCTATCAGATTACTATATGTTTCTAAATTCTTATTCTCAGTTTCTGTGCTTGTATAAGTTCACTCAGACTATTAACAGCAAACTGGCACTGGCCCACACATTGTACTTTAAAAAGCACTATTTTATATCAAGAAGTTTTTGTAAATTCTAGTT	ENSG00000128656	CHN1	intron	ENSG00000128656	CHN1	intron		False	1	False	928.0	False	foldback	False	34.0	67.0	67.0
701332	2	+	83116157	2	+	83116269	5	2		0.0	315	-2.974753161830546	210	-2.4164811618732966	210	5	2	inversion	0	TTAATTACATTTTAAATCTGCCATTGTTGAAATCTGTAATAGTTCACTTCTATGATTACATTTTTCACTGATTTTTAGTTTTATTTCTACATTTAACTGGTTTCAATACTCACCGCCGGTCCCTTTAACTTGGTTTCTCTATTCATTTCTCAACCATCGCCATCAGGGTTTGAACAAGAAGTTTGTTTTGTTTTATTTTTTTTCCCCAATGGCCTCATAGGTGTTGTAAGAAAGAGCATTCACCTTCTCCACATTGAAAATGTCAGTCTTTTACCTTTAGCTACAGATATAAATTTAGAAGGTATAATATTCTTA[]GTCAACTGTATAAAAATGAGGATTAGAAGGTTGGCTTCAGCTTTGTCGGTATCAACATCCAAAGACCAAAGATTTTTGCAATGTTTTTCATAATGCTAACAAAAATATTGACTAAGAATATTATACCTTCTAAATTTATATCTGTAGCTAAAGGTAAAAGACTGACATTTTCAATGTGGAGAAGGTGAATGCTCTTTCTTACAACACCTA	ENSG00000168129	AC098817.5	downstream	ENSG00000168129	AC098817.5	downstream		False	1	False	7143.0	False	foldback	False	112.0	8.0	8.0
990718	2	+	220634366	14	-	65954008	2	32		0.0	371	-2.3070678640680087	258	-1.909352446110468	258	36	23	translocation	0	TGCCCTTAGCATCTGCTGAGGTAGTGTTGGCTCCCTCCCTCCCTTCTCCTCCCCCTGCTTCTTTTTCATTTTCCATTATCATTGCTGCTCTTTTCCTTTTATTCTTCAATTTTGATCGCCTACGGGGGAGGACGGGGAGCTGAGGGTGAGTGCTGCTTTCTGCAGAGATCTGGCCTGACTTCTTTTGCCTGTCGAGAGTTAATGTGCAAGCTCCCGGAGGCAGGCAGGCCTCGGTCCATCACCCCAGGGAGCTGGACAGCCCGTGCACTGCAGATGATCCCTGGCAACCAGCGGGAACTGGAGCTGTGCTGTTGCGTCTTAGCTGAGCTTATGACATCGCAGAATAGGTTATCAACGACACTGGGCTAAAA[]ATGGTGGCTCACGCCTGTAATCCCAGCACTTTGGGAGGCCAGGCAGGCAGATCACTTGAGATCAGGAGTTCGAGATCAGCCTGGCCAACATGGTGAGACCCCGTCTCTACTAAAAATACAAAAATTAGCCAGGTGAGGTGGTGGGTGCCTGTAATCCAAGCTACTCGGGAGGCTGAGGCAGGAGAATCACTTGAACCCGGGAGGCAGAGGTTGCAGTGAGCAGAGATTGTGCCACTGCACACTCCAGCATGAGCAGCA	ENSG00000235667	AC009502.3	downstream	ENSG00000033170	FUT8	intron		False	1	False	4718.0	True	balanced	False	inf	11.0	11.0
995126	14	+	65954001	2	-	220634356	6	22		0.0	392	-1.2170789179636985	328	-1.0299233778000976	328	18	15	translocation	0	TTTACTTTTCTATTGCATATTTCCCTAGTGATTATATGGACATAGAAGCAGTGCTTACAGTTACCTTGGAACCCATCAAGGAAAAATGAAGCAAATTCCTGCCCTGTTGCCCTTCTGGAACATTACATAGTTTAGATGAAAATCAGCCAGAGCACAGTTAGACTCTATTAGCATAAGATTATGTTAGAAAATAGTGGGCATGATAAGGCCCTGAAGGAGAGTTCTAACTTGGAGAAGGATGGTGGAATTTTTTTATAGGGCTTTGACAGTAGGGGTCAGGCAAAGTTCAGTTTGAGGAGTAGTTAGTCAAGGATAGCTCTCAGAGGAGGGGAGAATTGATCATGTACATTAGCAATTATTGGGCAATTTGAATTTTATTAAGAATGTTGGGG[]CTGGGCTAAAAATACCGTATTTATTTTTGAAATAACTTGTTTTGGCAGTTATAAATACTCTATGAAGTCAGCTTAGAATGTAGTCTAGCAGCTCTCAGACAACTGAATAATATTTCAGATGTGCACATTATTTTCTATGCAGAATTCAGCATGCAATTTCCAGCCAATTCTTTGCTATCCTGAGTAATGGAGGGCAGATTGGGTGCAGACCAAACCAGTGAATCATCAGCTTAGTGCAGGGTTACAGCCTAGGCTTCCAAACTGAGAATTTTACTTTGGAGTAGATGTTACTAGAAGAAACGTTCAAGAAAGTTTTCTTTGCTTGCTA	ENSG00000033170	FUT8	intron	ENSG00000235667	AC009502.3	downstream		False	1	False	1601.0	True	balanced	False	inf	11.0	11.0
1195680	3	+	89924849	3	+	89925662	6	5		0.0	177	-0.7387893429576906	141	-0.7800945228568448	141	5	1	inversion	0	GGGGAACAACACATACTGGGCCCTGTCAGAGTGGGGGGATTGCAGGAGGAGAGAGAGCATCAGAATCAATAGCTAATGCAGGTGACGCTTAATACCTAAGTGATGGGTTGATAGGTGCAGCAAACCACGATGGCACACGTTTACCTGTGTAACAAACCTGTACATGCTACACATGTA[]TCCCAGGACACAGAGAGACAAAATGATACCCAGATTACTGCTATTGACCCCATCCTTTGCAGAGGTGGAACCACTGCATGCCAGTGTGTACTAGCCAGGGACTCAAGGATCAGTTCTCAATGGGGCCTGCTGCCATCATGA	ENSG00000212598	U3	upstream	ENSG00000212598	U3	upstream		False	1	False	869.0	False	foldback	False	813.0	3.0	3.0
1800220	7	+	57710992	5	-	154275111	0	4	TTTTTTTTTTATTTTTTATTTTTTTT	0.0	151	-3.9116116844142494	176	-3.0593063348634284	151	10	8	translocation	26	GGAGGGCTCCTGCTTTGCCAAGCCTCGGGGACTGGTTTCTAAGACAACGGTGGGAACCACTGTGATGGGAGAAGCCGCTGGCTCCTCGCGCATGCGCATTGGCTGGGCCGACTCCCGCTCCACTCCTGGCAGTCAGGCTGCGTCCCCTTTA[TTTTTTTTTTATTTTTTATTTTTTTT]TTCAACTTTGCCCTACTGTTTTTATTTTATAAAGTCCTCAAATCAAAATACAAAATGAAACCAGAAAACCCTACAAAGTAAAAATGACAAAATGTGAACATCTGTTAATTCTGGTTGATGGGTTATTACATTATTCTGCTTTTCTATATTTTCTAGACTTTTTATTTTACTTTTTT	ENSG00000230796	RP11-368M16.9	upstream	ENSG00000082516	GEMIN5	intron		False	1	False	1057.0	False	unbalanced	False	inf	3.0	50.0
1952233	5	-	40472134	X	-	103364428	2	11		0.0	123	-1.6211436066236595	168	-1.2291910835069717	123	6	2	translocation	0	GGAAGTGAAGCACTCCTCAGAAAACGTAAAAGAACAGAAATCAGAACAAACTGTCTCTCAGACGACAGCGCAAACAAATTAGAACTCAGCGTTAAGAAACCATCAACTCAAAACCACTCAACT[]TAACAAATTATTATAAAGCAAATCACCATAAAGATCAAGAAACAGAACAGATCAGAACTCCAGAAATTCCCATAAGTCCTTGCCCAATCACAACCTCTTTCCTCTCTCCAAAACAAAACAAAACACTCTCATGACAGTTTTAGCTGTTGCTTTCTTACTTTCCTTTAT	ENSG00000265615	AC108105.1	downstream	ENSG00000176274	SLC25A53	intron		False	1	False	812.0	False	unbalanced	False	inf	1.0	14.0
1977283	6	+	6875127	6	-	6873829	2	2		0.0	164	-3.2012794840879817	345	-2.5953796379502903	164	5	2	duplication	0	GAACTGAGGAGCCCCCGCTGGCAGACATGTGGATGAGGCCATCTTAGATCCAACAGCAGCTGGGATATCAGGCAAGACTGGCGTGAGAAACCTCCCAGATTTCCCAGCTACAGAATCACAAAAAGTAATAAATTATAGTGCTTTTAGCCACTAATTATAGAAGT[]GAAAAGCTGCTGTTCATCTCTAAAACCCACCCCTGTGCACATGCAAAACAGATGAGTTCAGAGAGCCCCAACTCAACATCATCTCTTCATAATGCAAATCTGAAAATGGCTTCCAGATGGAATCCGAGATACATAGCTTATCATTATATCAGGGAGCAGGCCCACTTTTGACCACATCCAAATGAACCACTGATCCACAGCGTCTATGCATGGGCAAGTTTGGCTTTTTCAGTTTGCCTGGAACATTCTTAGACCTGCCACTGTGGTTCCTGGGCTCTCCCCTGGGTTCATTGCTGAGATGACATTGACCAATAATGGGACCAGGCAATGTTTCAGGCAGGCCCA	ENSG00000223342	RP3-429O6.1	upstream	ENSG00000223342	RP3-429O6.1	upstream		False	1	False	236.0	False	duplication	False	1298.0	3.0	4.0
2085475	12	+	94813	6	-	17048697	4	41		0.0	278	-1.625595919901385	173	-0.9014849565372268	173	45	38	translocation	0	CCCCCCCGCCCCCAGCCCGGCGCCGTGCGACTTTGCTCCTGTAACACACGCCCCCCCAACCCCCGCCCGTAGGCGTGCGTCTCTGCGCCTGCGCCACGCCTCCACCCCGGACGCGCTAGCATGTGTCTCTGCGCCTGCGCCGGCGCGGCGCGCCTCTCTGCGCCTGCGCCACGCCTCCTCCCCTGGGCGCGCTAGCATGTGTCTCTGCGCCTGCGCCACGCCTCCTCCCCTGGACGCGCTAGCATGTGTCTCTGCGCCTGCGCCGGCGCGGCGCGCCT[]CTCTTCCATAGCTCATGCTCAAAGTAAATATCAGTGATTGAAAGAAATTAACATGCCACAGAGGCTTCCTTCAGCAACAAAAGAAATATAACAGTCACGTTGCGGTACAAGTAAGCCTCTAATTCAGATACATAATGTTTAAACAGCCTTTAGAGATGGACCTTGTAAACCTT	ENSG00000256263	DDX11L8	upstream	ENSG00000230873	FLJ23152	upstream		False	1	False	380.0	False	unbalanced	False	inf	6.0	2.0
2091058	6	+	17048869	12	+	38402954	0	21		0.0	173	-1.008511052639569	375	-0.5275342641129507	173	20	16	translocation	0	CTCTTCCATAGCTCATGCTCAAAGTAAATATCAGTGATTGAAAGAAATTAACATGCCACAGAGGCTTCCTTCAGCAACAAAAGAAATATAACAGTCACGTTGCGGTACAAGTAAGCCTCTAATTCAGATACATAATGTTTAAACAGCCTTTAGAGATGGACCTTGTAAACCTT[]AGCTTTTTTCTAGGGATATTCAGTTTTTCACTTAGGGCTTACTGCACTCAGAAATGTCCCTTTGCAGATTCTACAAAAAGAGAGATTTCAACCTGGTGAATCAAAAGAAAGATTTAACTCAGATGAAACCACACATAAAAAAGCAGTTTCACAGATAGCTTATTTCCAGTTTTTATCTGGGGATATTAGGATTTTCACAAAGGGTCTGGTGGGCTCCAAAATGCCCCTTCAAAGATTCTACAAAAAACAGTTTCCAAACTGATGAATAAAAGGAAAGATTTAACTCTGTGGGCTGAATGCAGGCATCACAAAGCAGTCACAAATAGCATCTTTCAAGATTTTATCACAGCCTATTCAGTTTTTCACTATAGGCCT	ENSG00000230873	FLJ23152	upstream	ENSG00000257173	RP11-297L6.2	downstream		False	1	False	9876.0	False	unbalanced	False	inf	2.0	5.0
2170205	7	-	106123750	7	-	106124120	7	4		0.0	190	-1.3939749765224456	138	-1.3606992431892335	138	5	1	inversion	0	GGATAGCCAAAGATCACCAAATATTTGAAAAAGCCTCCAATTTGAGAGGCCAAGTGCAAAGTAAATAGAAAAAAAAAAAGTCATTTAGTAAAAAATACAAGTAATTCATGTAGCAGGATTTAAAAAATCTATCATATTTTCAGAAAGATAAATATATTTATCAATGAAAAAACAGTGAAATAAAGGAAAA[]GAAAAAATAAAAAGAATAAAACAACTCTGTGGCTTAACACAATAAATATTTATCATTCCCACTATATGTCCAGTGATAATTGGTGATGGGCTCTGCTCCAGTCACAGAATTACTCCAAACCATCTTATGATGTCACTG	ENSG00000243797	CTB-111H14.1	intron	ENSG00000243797	CTB-111H14.1	intron		False	1	False	238.0	False	foldback	False	370.0	3.0	3.0
2453436	7	-	157254123	X	-	124485065	0	3	G	2.6326530612244903	135	-3.883536442728429	372	-3.841012397220119	135	25	22	translocation	1	AGAGACAGAGAGAGAGAGAGAGAGACAGAGAGAGACAGAGAGAGAGACAGAGAGAGAGACAGAGAGAGAGAGAGACAGAGAGAGAGAGAGAGACAGAGAGAGAGAGACAGAGAGAGAGACAGAGAGACAGAGAGA[G]ACAGAGAGAGAGAGAGAGAGAGAGAGAGACAGAGAGAGAGAGAGAGAGAGACAGAGAGAGAGAGAGAGAGAGAGAGAGAGAGAGAGAGAGAGAGAGAGAGACTCTGTATGTTTGGGAGAAAGTGAGGGAAGAGAACAACAGTCTTTGCTTGGTAACCCAGAGAATTCTCCCAGATCCTGTCCGAGACCACCAAAGCAGTACTTATATGAGTCTGCAAGAACCACAGTGTTACTGGGCTTGTGGTGTCCTTAAAGTAAATGCAGCTTAGATCACAACACTCAAGTTCTTTCAAATATCTGAAAAGCCTTCCCTAGAAGGACAGCTATAAATAAACCCAGATAGGGAAGACTACAATAAATACCTAAGCCTTCA	ENSG00000234210	AC006372.4	upstream	ENSG00000213489	RP13-147D17.1	upstream		False	1	False	4944.0	False	unbalanced	False	inf	30.0	13.0
2894899	12	+	23983309	9	-	106744206	1	43		0.0	322	-1.1979760618686657	364	-0.9424945337550016	322	37	29	translocation	0	TGAAATAAACAATATCAGCATAAACTGCTATGATGGATACCACTTGAAAAGGAGATGACAGTGAACAAGTTTCGCTTCAGTGTTGAAAAATTATGAGGCTTCAAACTCAGCTAACTCAGTGCTAAAGTTAAAACACTTATTCCTGAAGAAATAGGCTCTACAGCATTTGAGGGTGTCTTCTTGTCCTGACCTTTAAAAAATAAACTCTTTTCTTTATCATCATTTTATGAGTGTCGATTTCCATACAGTGGTGCTTTTGAAAAGGGTGCCTGGAGGTTAGACTCTAGCTTGCTCAACAAGAAGAGAGACATTTTTCAGTGAC[]AATATATACATTATCTACAGGGACAAGACCTTTTAATTTAATGGTAATTGTGATGGTTAATACTGAGTGTCAACTTGATTGGACTGAAGGATGCAAAGGACTGATCCTGGGTATGTCTGTGAGGGTGTTGCCAAAGGAGATTAACGTCTGAGTCAGTGGGCTGGGAAAGGCAGACCCACCCTTAATCTGGGTGGGCCCCACCTACCATAATCAGTTGCCAGCTGTGGGGCCAGGCTATAAAGCAGGCAGAAAAAAACCTGAAAAGGCTAGACTGGCTTAGCCTCTCAGACTATATCTTTCTCCCATGCTGAATGTTTCCTGCCCATGAACATCGGACTCCAAGTACTTCAGCTTTGGGACTGGG	ENSG00000134532	SOX5	intron	ENSG00000136824	SMC2	upstream		False	1	False	7876.0	False	unbalanced	False	inf	28.0	3.0
2906878	9	+	106744195	12	-	23983316	3	35		0.0	403	-0.6876174486324731	286	-0.5958170992155412	286	37	32	translocation	0	TCCCTCTATCTAAAGTACATAAGTCTTACCAAGGCCTCCAGTATACTAGCCACTTCTTGCTAAGCTTGAATGTGGCTATATTGTATCATGGTCAACATAATGTCATCAATAGAATGAATTAATGTGATATTTTGCAGTATGTTCACAGTCCAAATCTCTTCTAAGTATATTATGACAGACAGCAGAAGAGTAAATATAGTTGTGTAGCAAATCTGTGAATACATTTTCTTGTTCATTGCACATGAATACAAACTTCTTATGATAGAAAATAATTTATTTGCCAAATGAGTGGCTGCATACCATGTTCCTGAGGCCATGATAATCTACTCCAGCAAAAATATTGCATATGTCACAGTAGCCACATCAGGACTAAGACTTGAATAAGCTTGCAGTAGTGTGAAGT[]CATAGATGAACACATAGCCACAATGCATTAGGAGTAGCCTCCAACAGCAGCGGGAGTGTGAGGAACAAAACTTAAAAGGGCTCAATTGAAAAGTACCCTTGTTTGTCCTTCAGTGGAACAGCACTTACAAAGCCTCTTCAACATGTACTTTGTCAAAAGGACAGTGAGTAACTAAACAAAAGCAACTCAAACCTCTGCCAATTAAAGTATCTTTAGGCTTTTCCCCTGATCCGTTCACTTTTTATTTTTCCCACCCCATCAAATGCGATTTTAAAACAAGAGTGAA	ENSG00000136824	SMC2	upstream	ENSG00000134532	SOX5	intron		False	1	False	1236.0	True	balanced	False	inf	3.0	28.0
2997492	9	+	23094830	X	+	86598214	5	2		0.0	289	-2.6881832480803056	258	-2.1467303246777005	258	5	3	translocation	0	TATGTTCTTTATCTCTTTTTTCCCCATTTTTCTGTCTTCTTCTGAAAAAATTGAGCATTTTTAAAATTCTATCTCCACTATTGGTTCTTTAATAATACTCTTGTTTATTTTAAAATTTGTTTTCCAGGCTTACATTATGCATCTTTAAATTATTATAATCTAGTGTAAAATAATGTTATGGCATGTCACATATAATGCAAGGATAATGTAAGTATCCTTACAAAAGCATACTTTTATTTCCTCTTCTTTTTTTTTGCTATTATTGTAATGTATTTTATTTCTGCATATG[]TTGGATTCTCTCCTAATCACTACACCTGGATGGCTCACACTAACATCAGCAATGACATTGATGAAGTTTACCAATATCATATTTCAGTTTCTATTTTTTAATTTCATGACATAATTTTGTTTTCTTCTACACTTGGAATTCCTCAAGACTCAGTTCCAAGTACTCTTTTTGCTCATACCATACTCTCCCCTTAGGGGAACTTAACCATACCAATGCCTTCTGTTCTTCTTATTTGTTCGTATCTAAAGCCCAGACCTC	ENSG00000265572	AL391117.1	upstream	ENSG00000230478	RP1-52D1.1	downstream		False	1	False	2011.0	False	unbalanced	False	inf	2.0	3.0
3005875	9	-	99103138	X	-	131052907	0	13		0.0	239	-1.5675436235747875	199	-1.286486093371668	199	15	12	translocation	0	GGATGGTCTCAAACTCCTGACCTCAAGTGATCTGCCTTTCTCAGCCTCCCAAAGTGCTGGGATTACAGGGGTGAGCCACTGTGCTCAGCTAACATATACTTTATTAAATCCTAATGCTCTAGGAGAATATCCTCCTCCTATTCTGGCTTGTGGTACTGGAATATCCGAATATTTACCCTGTTTAGCCTCTTCTATTTGATCAGACTTCAAAGATTTCAAACAGAAGTTCCTTTAGAAAG[]GAGTCCTGAAGGCCCCATTACAGGACATAGCTCCCAGACAATATTTCTAGACACACCCGGGGCCAGAAGGGAACCTGCTGCCTTGAAGAGAAAAACTCAGTCCTGGCATGATTCATCACCTACTAAAGAGCCCCTGGGCCCTGAATAATCAGCAGTGGTAACCAGGTAGTACACATCGTGGGCCTTGGGTGATACTGAG	ENSG00000130958	SLC35D2	intron	ENSG00000235190	RP1-197O17.3	upstream		False	1	False	160.0	False	unbalanced	False	inf	23.0	9.0
3014761	10	+	89708704	10	-	101011552	0	2		11.8	318	-2.673132455885473	257	-2.298723570783712	257	5	5	deletion	0	TAATTTACATGAAAAATGAAAAATTTTAGGCCAGGCACAGTGGCTCAGGCCTGTAATCCCTTAACTTTGGGAGACCAAGGGGAGTGGATCACTTGAGGTCAGGAGTTCAAGACAGCCTGGCCAACATGCTGACTCACCCTTCCCTACTGAAAATACAAAAGTTAGCCAGGCGCAGTGGCCATCCCTACAGTGCTAGCTACTCGGGAGGCTGAGGCAGGAGAATTGCTTGAACCCGGGAGGCAAGGTTGCGGTGAGCTGAGATCGCACCACTGCACTCCAGACTGGGTGACAGAGCGAGACTCCATCTCAAAAAAAAAA[]CAGGAGGATCACATGAGACGAAGAGTTTGAGACCAGCCTGGGAAACATAGTGAGATACTCTCTCTACCAAAAAAAAAAAAAAAAAAAAAAAAAAATTAGCTAGGTATGGTGGCACGTGCCTGTAGTCGCAGCTACTCAGTGGGCTGAGGTAGGAGAACTGCTTAAGCCCAGTAGGCCAAGGCTGCAGTTGGCCATGATCATACCACTCCAGCCTGGGAAACAGAGTGAGACTTTGTCTTGAAACACATACATACATA	ENSG00000171862	PTEN	intron	ENSG00000172987	HPSE2	upstream		False	1	False	4503.0	False	unbalanced	False	11302848.0	14.0	5.0
3015904	10	+	117569552	10	-	117573378	2	11		8.214285714285714	312	-0.734633566591072	340	-0.6482258205791034	312	14	12	deletion	0	CATCTTCAAATAAACACAATTTTAGTTCTTCCTTTTTCATCTGTATGCCTATTATTTCTTTTACTTGCCTTGTTGCACTGGCTAGGTTGTCTAGTACACTGTGGAATTGAAACGATTCAAACAAATACCCCTACATTATTTCATATATTAGGGGGAAACATTCAGTCTTTTACCATTAAGTATGATGTTAACTTCAGGTTTTGTAAGATGGTCTTTATCAGAGTTTAGGAAATTTTCTATTCTTAGTTTGCTGAGAAATTTTTTTTAGGAATGGATATTGACTTTTAACAATATTTTTCTTATTTTTTGAGA[]AATTAAGTTTGTTCAGACATTCATAGATCATCTTGTACCTACAAAAAGATATTATTTGACAACCAAGTACACTCTGAAAAGAAGAACTTTATAAGTTATCTTTTTTAATTTTCCTTCATTGACATAATGACAGTGAATCTCATTATGTTGGTGCTAAGAATCTACCATTGTGTTTTGTTTTATGGAAAGAAAATTTAAATTATGTCGTGTTTAAAAAATGAGTAAAGTAGGTCAACACCCAGCTCACTCCCTGACATCACATAAATGTAAGATTAAGTAAGTGAATGACCTAATGTTCAGCCTTCTAAATATTCCTATATTTCAATTTAGGGAGCAAATA	ENSG00000107518	ATRNL1	intron	ENSG00000107518	ATRNL1	intron		False	1	False	67.0	False	deletion	False	3826.0	5.0	5.0
3049943	10	+	29746909	10	+	29747282	2	24		0.0	263	-1.8808384829154048	274	-1.5221895036072666	263	23	16	inversion	0	GATACATATTGGTGGCAGAGCTAATTCAACAGAAGCAACTCCATCTACCTTTTCATGTTATTTTGACACCAAAACAAATCTTGAAAGTGAATGAATACATATTGCTTTGTTAAATACATATTTGACTTATATGGTGTTTATATAAATATATATATATTTTAGAATCCACAAACTATCAAAATAACACTTTATAAAGAGAACTGCTTCAAAAAAAAAAAAAAAAGGCATTGCCTAGCTGGAACAAGAAGGCAGTGCTATCTATA[]GCTTCTCCCAATGTTTCCAGTTTGCACTAGACATGACGAGGGATGAATACAACGCCCTGCCCGCCTGGAAGCAGGTGAACCTGAAGAAAGCAAAAGGCCTGTTCTGAGTGGGGAGACGCCAGAGGAGCCTCACGGTCACGTCCAACAACACCACTGCACCAGGGAAATGGATATATATTTTTGGACTGGTGTTTTTCACAAAGTATTTTTCAATCAGAGTTTTCAGAACCTGACATTGTTAAAGATACTGCTTGTCCCGGAGTTGTGTATTTTG	ENSG00000224597	RP11-534G20.3	intron	ENSG00000224597	RP11-534G20.3	utr		False	1	False	3498.0	True	balanced	False	373.0	8.0	8.0
3200747	11	-	1234792	11	-	1235087	4	2		0.0	268	-2.5258708280150115	226	-1.5917496350811258	226	5	3	inversion	0	AAATTCCTTGTTTTATTTATTTCTATTGTAACCTTTATTATGTCCTCCCTTTTGGTAGCTTTGGGTTTAGTTTTCTCTTCTTTTTCTAGTTCCTTAAGGTATACAATTAGGTTATTGATTTAAGATATTTCTTCTTTTTTGATTTAGTTGTTTCTAGCTATACATTTCCCTCTCATTACTACCTTTGTGTGTCTTATAAGTTTGGATACATTGTGGTTTTGTTTTCATTCAAGCTTTAAGAATGCCTAATATCTTTGGTGATTTCTTC[]AATGAAACCAAAAGTTGGTTCTTTAAAAAGATCAACCAAATTGACAAACTTTTAGCTAGATTGGCTAAGAAAAAAGAGAAGATTCAAATTACTAAAATCAGAAATAAAAAGGATATTACTAAAAATTTTACAGGAACAAAAACAATTATAAGAGAATGCTATGAACAATTGTCTGCCAACAAATTTGATAACTTAGAAGAAACAGGCAAATTCCTCAAAAGCACTC	ENSG00000117983	MUC5B	upstream	ENSG00000117983	MUC5B	upstream		False	1	False	9446.0	False	foldback	False	295.0	5.0	5.0
3211775	11	+	80718965	11	+	130597631	0	18		1.0303030303030305	420	-2.122204005869866	495	-1.5423050574655337	420	31	27	inversion	0	CAAAAGCAAAGTAATCAATTTTAGGTTTAATAAAGCCAGGTGTAGATTTAATATTCATTTAATTTTAATTTATTGCCACAGTAAGATTCAGTTTTGATATGTAACTACTGTAAAATCCTAATAGTTAATGAATGTGTATTGCAATAATGTAGGCACCTATTATTAATGGGTATCAGGGACAATTAACGTGAAGAATATTATCTTTTCAGTTGTTTTTTAAACATATTAATTTAAAAGAAGTCATTCAAGATTTCTTCTCCCACATTATCTGATTTTATACTGCATTTAATGCATTAATCCACACCAGTCTTCAGAAGTAATTTTTAAGAGAGGATTGAGAGTACATGGCACAATGGTGGTGCAACAATGAACAGTCCAAAGCAGTTTTGATAGACTTATTAGTCTATAATAGACTTTTTG[]GTTTGGCTCTGAGTTACCTTCAGATTCCTATGGAATTCCAAGCTACCCTCGAAGGACTAAGGCTTGCCTTGATTGAGGATATATATAAAAATATTATTTATGTGCCTGGGGCTCAGAAAGCAATTTCCAAAGAGAATTTCTAAAGCTGTTCTGAGCATTATATAGCCTCTTGAGATTATGGATTTTTTTCCAAACATATAACAGAACTCTACACATCCTAATGAAAGTTCACAGCAGTAACATCACTCTTTTGTCTGCCTCTTACATCCTAGCACTTCTGGAGTCTGCAGGGCACATGAAGGAGTATAAGACCTGAGTTTTGCTCTCATTAAGCTCACAGTCTCTGCAAAATCAATCCTGCCAGAGGGAGAGCTTGGCAGTCCCTCCATCCCGTTATTAAAGTCTTTCCACAGCTGGTTCCCAATCTTACCTGGAGGGGTGGGTATAACATAGTAGTAAGGCACATGGGAGCCAAATAGACCAGGGTCTGAGTCC	ENSG00000254437	RP11-170L9.1	downstream	ENSG00000175728	C11orf44	downstream		False	1	False	2882.0	False	inversion	False	49878666.0	1.0	6.0
3224969	11	+	78915982	11	-	78913127	0	48	TT	0.0	285	-0.9829090591225984	353	-0.7913473917078788	285	41	30	duplication	2	GGTATAGTTTGGAAGGAAATTTGGCAGTGTTTAGTAGAGCTGCAGATGTGCCTGCCCTGTGTCCTAGCCATCCTATGCGCTCCTAGGGTATAGTGGGGAGAGTCTTACACATGTGCACAAGAGGATATCAGCAAAAACCTTCACGGCAACACGGCTCGTGCTGGATGACTGGAAACAAACAACCAAGTCCAGCAACAAGTGAAAGGATAAATGAGCTCTATTACAGTCACACAACGGGTTATACACAGTGGTAAGTTCCAACAAAACCCAATATATATCAAGTTT[TT]TGGGTGGGGGAGGAGATGATGTGAGTCTGTTTGGGGCATGATGAGCCTGAGGTGTCTTTGCTGCCTCCTGTAGACACTGGTCACAGCACTGCCAGGAACAGGACCTCGTCCCATAAACCACTGCCACTCTGACTGCCAGGTCTTCCCTGCTGTGAGGGACTTTTCCCCTTCCACCCTACCCATGCTCTGGCTTTACAGAGCTGCTGTTCTCTGCCTCTTCCACATGCAGCTGTGCCTTTCTCATCCAGAGGCAGCTCCAAAATGAACAACAGTAGCAATCAGCGAGTAATCATCTTTTTTTTCCCTCCTATACAATGTCTGGGTGTGCAGATGATGTTTGTGATTGTTGCAAA	ENSG00000149256	TENM4	intron	ENSG00000149256	TENM4	intron		False	1	False	1249.0	False	duplication	False	2855.0	2.0	2.0
3225065	11	+	67559480	11	-	67562682	2	27		0.0	394	-1.8877763910394143	144	-1.5927745609097517	144	24	20	deletion	0	CTAAAAGTAATACATCATTCTTGCCAACAGAATGATTGGCAGGATTTTCAGTAAAGGTCCAGGTCAGAAGTCATTTAGACTGTGTCTCCTAGTCTCTGTCAGAACCATGGTACTCTGTTGTGGTGTGAAAGTAGCCACAGATCATCTTCGATTAAGGGGTGTGGCTTTGTTCCAATAAAACTTTATTTACAAACACAGGCTGTGGGCTGGATTTGGCCTGCAGGCTGTAGTTTGTGATCCTTGATTCAGACAGTTTAGCAAGGCTGAAAAGAACACCAACACCCCCTTGTTACCCACAGATGGGTGGGACTTGGCCAGAGGCCAAGAGGAGGGTGCTCGCAGGGGAACATACAGCGTGTAGAGGCCGGGAGGTGCTCCAGGGCACGAAGTGTGG[]GACTCTACAAAAAATACAAAAATTAGCCAGGCATGGTAGCACGCACCTGTATTCCCAGCTACTCAGGAGGCTGAGATGGGAGGATAGCTTGAACCTGGGAGGTGGGAGGTTGCAGTGGGCCGAGATGGCACCACTGCACTCCAG	ENSG00000227620	ALG1L8P	intron	ENSG00000160172	FAM86C2P	intron		False	1	False	2900.0	False	deletion	False	3202.0	13.0	13.0
3225129	11	+	119559160	11	-	76132678	0	33	A	0.0	321	-1.6296584868664803	339	-1.3908788647770491	321	39	31	duplication	1	CATTAATCTCTCCATGCCTCAGTTTCCTCATGTATAAAATGGGGCCAGTAATAGTACTATCTCCTAGGGCTGATTTGAGGATCCAATGAAATAATTCAGTTTTGCTCTTGGCGTAGTGCTTGGCCCATAGCTATGCTATACAAGCAGTTGTATTATTTGCTAGGAGAAAGAACCTACCTAGAAATCACGTGCTCTGGTTCCCTGATTCCCATCCCGGCTCTAAGCCCACCCTGTGATCCTGAGCAGACCCCTGCAGTGATGAGGCTACTCCCCCAGGGCACGAATGAACTCCGCACCAATGACATTTTGGAGGGGGGGACT[A]GTGGCTTATGCCTGTAATCCCAGCACTTCGGGAGGCCAAGGTGGGTGGATCACTTGAGGCCAGGAGTTCAATACCAGCCTGATAAACATGGCGAAACTCTGTCTCTACTAAAAATACAAAAGTTAGCCAGGCATGGTGGCGGGCACCTGTAATCCCAGCTACTTGGAAGGCTGAGGCAGGAGGATCGCTTGAATCCAGGAGGCAGAGGTTGCAGTGAACCGAGATGGTGCCATTGCACTCCAGCCTGGGTGACAGAGCCAGTCTTTGTCTCAAAAAAAAAAAAAGGGACAGCCTGGCCCCCAGTGAGACACAATTAGACTAACTCTGATGCCTTTGTGT	ENSG00000110400	PVRL1	intron	ENSG00000179240	RP11-111M22.2	downstream		False	1	False	7011.0	False	unbalanced	False	43426482.0	10.0	23.0
3225260	11	+	13508843	11	-	13510809	2	37		0.0	339	-1.3790795793552784	432	-1.1979000843374468	339	44	30	deletion	0	CCAAGCTTTCATAGCATGGAAGGGGACCCGAATGGGTTGCCGCTGCTGGCTCGGGTGGCCTGCTTATATTCCCTTATCTGGCCCCACCCAAATCCTACTGATTGGTACATTTTACAGAGAGCTGGTCCATTTTACAGAGAGCTGATTGGTCCGTTTTGACAGGGTGCTGATTGGTGCGTTTACAAACCTCTAGCTAGACACAGAGTGCTGATTGGTGCGTTTACAATCCTTTAGCTAGACACAAAAGTTCTCCAAGTCCCCACCCGACCCAGAAGCCGGCTGGTTTCACCTCTCAATGGCTCCAGCCGCTGCCTCTCCCTGCACACCTCCTCGCCAGCA[]GATTTAACCTGCGAATTTTCTTTATATTACTAGTTCTTATTAATTCAGGATCAAGATACAAAGCAAAATATCATGGTGAAATTGCGCACTCTTTGGAAAGTTGGCATTTTCAGTCAGTTGTCTAATTTGTAGTTTTTGAGACAATACTATAGAAAGATGTTTCAAGTTTTTCTTTTTTAGAATGGTTATTTTAATACATTATTAAGTTGCTAAGTTAATGCTAATAAAAGACCTTTAAGTTTTAAAAAAAAGCATAGAAAGAGTTAGCAAATACATGACACACTGGGAGAAAATATTTGTGGCATTTAAAACCAACACGGGGCCGTGTGCGATGGCTCACGCCTGTAATCTCAACACTTTGGGAGGGGGAGGCAGGAGGATCACTTGAGCCCAGGAGTTCAAGACCAGCTGAGCAACATAGTGGGACCTCAT	ENSG00000255401	RP11-15D14.2	upstream	ENSG00000255401	RP11-15D14.2	intron		False	1	False	4087.0	False	deletion	False	1966.0	10.0	11.0
3300755	12	+	73444429	12	+	131534204	3	25		0.6176470588235294	350	-1.4564796914630471	343	-0.7803939159608388	343	32	26	inversion	0	TCCCTGTTTCCTAGGGAATAGGACAGTGTTAAGTAACCCTGTTAGCTGTGAGTGCCGTCAGTGGGAATAAAAAAATGGTCACTGGGTCATTTTTTTTTTTTTATTTTATAGGAAGGCATAGTTAGAAAATAAAGAATAAAAGAAAAGGAAGCAAAGATGTGAAATGAGAAGTGGTAGAAAGGAAGGAGTGGAAGGTAAAAATATACTAACAGTTAAATACAGTTAAATTTGGGGAATACTAACAGTTAAATTTGGGCCACTTAGATTTTCTAGAGCCAATACTTAAAATCACAAGAATTATTTCTGTCAAATAATTACTATCTTTGATTTTCTAATATGCAGATGGAAGA[]ATGATCCTGTGGGGCAGCCAGGGAGGCCGGCAATCCCATTAACCAGTGCTCGCCAGGAGACAAGTCATGAGGTCACTGCTGATCTACAAGGTCACTCTGGGTGGTGCACGGATGAGCACTTTATTTCAGTGACATGTGCATTCTAAGGCATATTAGGAAGTGACATAGTCAACACTCTGTGTCCAGAATCTCTGGCTATAATGGCTTAGAGTGAGGGAAAAGTAGGCATGGAGATCGAAAAGACGTTTCTCCACATCGAGTGGAGGAAGTGCATGGGGCATGAGTGTGCAGGAGGCACACAGGTGGGGCGGGAGTGAGAGGAGCAGAGGACGGGTATCAGGGC	ENSG00000258294	RP11-314D7.1	downstream	ENSG00000111452	GPR133	intron		False	1	False	2122.0	True	balanced	False	58089775.0	3.0	3.0
3324127	12	+	70705933	12	-	70707010	2	32		0.0	322	-1.3268874866452849	425	-0.9359851257942852	322	49	39	deletion	0	TTAACCTAATGAGATTTATACTGATGTTTGAAGCATTTATAAAGTTCTAAGATATGGAACAAATGCCCTTGTTTTTCTTTGAAGTTGATCATTAGTAAATCACTTCCTTTGACTTTGCAGAATTTTGCAAATCAGCTTAACCTACTAGGTTTATGTTAGGATGTTTGTTATTCTGTTTTTGTATTTTCCTTTTTTATTTTGATTTGAACATTCTTGTGTCATTTTGAAAACAAACTATCAATGGCATTATTGGGCTTTTTTCAACTAATGTGTGTTGTGGCTTTGTTGATAATTAGTGTGTAGTTTAATAGCTTATGGAATA[]ATTTCTCTATTGAGATCTTAAGTCTTACTAGTTTGCATTCTCCATGTATTGAGGATAACAACCTCTTGTCATTCATTACAAATATTTTCCCAGTTTTTCACCTTTAATTCTTGGTATATGTAGTATACGTATATTTGTCATTTTAATTAAATGTGATCCATCAGTCTTATTTTTAAATGGCTTCTGTTTTCGAGATCATACTTAGGAAGACATTTCCCAATTACTTTCTTATAATACTTTTATGTTTTGTTCTTCACATATAATTTATGTCCATTAGAAATGTGTTTTGGTTTAACCTGTGAATTGTAGGGTTCCAAATACTTTTTTTTTCTACAAGCTTATCCAATTGCACCGACACCATTTATGCTTTAAATCACGGGTCAGAAAACTTTCCCTTAAAGAACCAGATAGTAACTATTTTAGGC	ENSG00000111596	CNOT2	intron	ENSG00000111596	CNOT2	intron		False	1	False	2169.0	False	deletion	False	1077.0	14.0	15.0
3324241	12	+	49751551	12	-	49753443	1	3		0.0	214	-1.7180264870749915	279	-1.3748293603641273	214	6	5	deletion	0	ACTTTGTTATTATATATATTTAATTGAGATATAATTCATATAGCATAAACTTCACCCTTTAAAAGTGTACAATTCAGTGGTTTCTGATAGATTCACAAAGTTGTATAATTATCACCTCTATTTAATTCCAGAATGTTTTACCACCCCAAAAAGAAACTCCATACTCATCAGCAATCACTCTCTGTTTCCTCCTCTTCCTAGCCTCTGCAATCAC[]TACAGGCATGTACCACCACACCCAGCTAATTTTGTATTTTTAGTAGAGACGGGGGTTTCTCCATTTTGGTCAGGCTGGTCTCGAACTCCCAACCTCAGGTGATCTGCTCGCCTTGCCCTCCCAAAGTGTTGGGATTACAGGCCACCACTCCCAGCCCAGAAGGGAATCTTTTAACCCATTCTGTGCCAGACCTCAGTCCCAATTCTGGGTTGAGAAATGTTGTGGGGAACATCTGCTGGGCAGTGACTGAGTCAGCATGTGAGCCTGGCTTTGCAAGCA	ENSG00000178401	DNAJC22	downstream	ENSG00000178401	DNAJC22	downstream		False	1	False	2039.0	False	deletion	False	1892.0	49.0	49.0
3324582	12	+	107166790	12	-	107168637	0	18	GAAGAAATTCA	0.0	354	-2.24253567255541	236	-2.09128837868375	236	29	22	deletion	11	ATCTGACCCTGTTTTCTTATCTATAAAGTGGGAACAATACCTTCCCCAATGATCCATTGAGATTAGAAGTATTAAAAAGTTCTGTAAACTGTTAAAAACAATTGCAAGATGTTACTATTAGCTTAGAAAATTAGCTAACTATTCCATGACCTTACTAAAATGTGCTTTTTGGAGAGATGGATTAAAATCTTTCTGACTTAATTTATTACAGAGCACCTACCCCAATGCCTGACTCAAATATGCTCAATAAATGTTTGCTGCATGGAAAGTATAATATACAGAAAGACCAAAAGCTCCATAAACTCAGGTCCCATGTTCGTTCTTATTTCCGAATTCCCAGTATCTAGCAGAATA[GAAGAAATTCA]ATCGCACCCCCGGGCCGCCCTCCGTGCTTGCACATCGCATCCTTCCCCACCCCCCTCATTCCGGGGATGCGCATTGCTCTCCCCCGAAAACGTTTCCGGCTTGGGCATGCGTGTTTGTGCCCCCAGCCTTTTCCATCCATGCATCCTGCATCCCACTACCCCCACTGTAGCGCCCACTCCTCTGATTCCTGGCCCAGCAGCTTGACCTCCGGTCCTCCTCTCAAGCGTGCAAGTCA	ENSG00000257545	RP11-144F15.1	intron	ENSG00000257545	RP11-144F15.1	coding		False	1	False	4051.0	False	deletion	False	1847.0	45.0	43.0
3324739	12	+	83364221	12	-	83376653	1	36		0.0	350	-0.8735554153204621	254	-0.8348183849933294	254	40	31	deletion	0	GGTAGTCCCTGAAGTCAGATACCCTCGGTTCAAATTATGGCTTTGATACTTTCTCCCTGAGCATCCTTGGGCAAATTACTTAAAAGAAGCCTCAGTTTCCCTTTTATAAGATTTTGGTAATAGTAGTATCAGTGTGAGGATTGATTAAAGTGATAAAAAAGGTAAAACATATTGGTCCAACTACTTAACCTAGTAAGTGTTTTATAACGGGACTTTCCATTGTAATTATCATCATTTCCTTAGGCTTTTTGAGACGGAGTCTCGCTCTGTCGCCCAGGCGGGACTGCGGACTGCAGTGGCGCAATCTCGCCTCACTGCAAGCTCCGCTTCCCGGGTTCACGCCATTCTCC[]TCATGATTTTTGAGTGTATAATTTAGCCACACTGCTTCTCAATTTTTTCCATCTTTAAAATCCAAATAGTGACATTCCTTGGTAAGCAATGAGATACGTTTATAAAGCAACTATTATAGAAATTGAAAAACTGTTTCATCTTGCAAACCTACTTTGATCAATTGGTAGTGGTTGAATGGGGCAATGTGTTAAGGCCACTTAGGGAGGCTGAGAAAAATTTCTACATGCCCAAATGTGTGGAGTAAGAGGAGTGG	ENSG00000179104	TMTC2	intron	ENSG00000179104	TMTC2	intron		False	1	False	596.0	False	deletion	False	12432.0	10.0	10.0
3325054	12	+	112542751	12	-	112545236	3	11		43.0	435	-1.9530062430239168	326	-1.5288444060444288	326	24	20	deletion	0	AATCCATAACCACTGAAAATGTTTTAAAATTAAGAATAATGGGGCCAGGTGCAGTGGCTCACGCCTGTAATCCCAGCACTTTGGGAGGCTGAGGCAAGTGGACCACATGATCAGAAGTTCAAGACCAACCTGGCCAATGTGGTGAAATCCTGTCTCTACTAAAAATACAAAAAATTAACCTGGCGTGGTGGCGGGCGCCTGTATTCCCAGCTGCTCTGGAGGCTGAGGCAGGAGAATGGCGTGAACCCGGAAGGTGGAGCTTGCAGTGAGCGGAGATCACGCCACTGCACCCCAGCCTGCAGGACAGAGTGAGACTCCATCTCAAAAAAAAAAACAAAACAAAAACAAAAACAAAAATTAGCCGGGCATGGTGGTGCATGCCTGTAACCCAGCTACTCAGGAGGCTGAGGCAGAGAACTGTTTGAACCCAGGAGG[]CAGTAGCCACCTCTTGAGAATGGGTGAAGATTATATTAGATAACCCATATAAAAGGCCAAGGCCAGTGACTGTCATAATGAGTCATCTATAAACCTTAGCTATAGGATTGTTGCTAAAATCAAATGAGATGTGAGAGTAAAAAAAAAAATCACACAAATTATGAAATAAAAGCCGGACTAACTGTGGCCAGAAACAAAGTTAACCACCGCCCCCCGCTCCCAAAACGATTCCCACCTTGGAGAGAAGCCTCCAATTTAGTAACATCCACATGAGGTCTATAAATACGATGTCTACTTTTGTAAAAACCACTGACCTTGAAGCTTCC	ENSG00000111300	NAA25	intron	ENSG00000111300	NAA25	intron		False	1	False	4222.0	False	deletion	False	2485.0	78.0	78.0
3325059	12	+	61931600	12	-	61946162	0	21		0.0	398	-1.03186241713189	333	-0.5653739748404907	333	25	20	deletion	0	AATTGCCAAAAATCTAGAAAATTGCCACAATCTGGGGAAAGAGGGGAATGGAGCATTGTTGCTCAATGGGTAGAAAGTTTCAGTTGTGCAAGATAAGTTCTAGAGATCTCCTGTGCAAGATAGTGTGCTTATGTTGCTAATAATATGGTATTGCACACCTCAAAATCTGTTAAGAGGTAGACTGCATGTTGAGTGGTTTACTACATAAAAGCAAAAAACAAAAAAGACACAAGAAAATTTTAGAGGGGATGGAATGCTTAATACCTGGATTGTGGTTATCATGTCATGGGCGTATGCATACATCCAAAGTCATCAAATTGAACACATTAAGCATGTGCAGTTTTTTGTATGTATATCATTCATACTTCGATAAGGTTGTTTCAAAAATTGCCTACATT[]TTGAGAAGGCAAAGGGAATGGGATCCAAAACAGAGGAGGAATGGCCACGGGTGTTTTCTCTGCTGAATTGCTGTCCTAAAAGGAAATAACGGATATGGGTTGAGGCATATTTATTAATTTGGTGATGGAAGATGAAGAAGTACCCTTTTGATGATGTCTATTCCCTCATTGTAACGTGAATCAAGGTTATGAGCTGAAAGTTGAGAGGTGGTGCAGCGTGGTGTGAAAGCCCAGGAGATTGAAGAGCATGGTAAAGGCAGAAAATCATTTCCAGGAAGAATGGAAGTCTTTCACTTGGCAACCTATCTGTCTTATTTTCTAACACAATATTCA	ENSG00000258336	RP11-410B16.1	downstream	ENSG00000258336	RP11-410B16.1	downstream		False	1	False	1487.0	False	deletion	False	14562.0	3.0	3.0
3325370	12	+	61204130	12	-	61209056	0	6	AA	0.2222222222222222	354	-1.3904347769846803	160	-1.019927922954758	160	9	6	deletion	2	GTCAGGTAGCGTGATACCACCAGCTTTGTTCTTTTGGCTTAGGATTGACTTGGCAATGTGGGCTCTTTTTTGGTTCCATATGAACTTTAAAGTAGTTTTTTCCAATTCTGTGCAGAAAGTCATTGGTAGCTTGATGGGGATGGCATTGAATCTATAAATTATCTTGGGCAGTATGGCCATTTTCATGATATTGATTCCTCCTACCCATGAGCATGGAATGTTCTTCCATTTGTTTGTATTCTCTTTTATTTCATTGAGCAGTGGTTTGTAATTCTCCTTGAAGAGGTCCTTCACGTCCCTTGTAAGTTGGATTCCTAGGTATTTTATTCTCTTTGAAGCAATTGTGAATGGGAG[AA]TTCTGGCAGAATTCTCATCCCTACCTTATTAGGATGTGTTTTCTCATTTAGTGAAAGAGTTAATAGTCTTATAACTGTGTCAGCTACCTGATCCGAAATCATTAATTTCTCTTAATGACATAAATTTAGCAATACTTTAGTTGCTGTACATCTGTCTTTC	ENSG00000257865	RP11-154D9.1	downstream	ENSG00000257865	RP11-154D9.1	downstream		False	1	False	1271.0	False	deletion	False	4926.0		
3325470	12	+	23983597	12	-	23982988	4	28		0.0	252	-2.346686442371388	230	-2.21525773719214	230	19	14	duplication	0	GGAGTAGCCTCCAACAGCAGCGGGAGTGTGAGGAACAAAACTTAAAAGGGCTCAATTGAAAAGTACCCTTGTTTGTCCTTCAGTGGAACAGCACTTACAAAGCCTCTTCAACATGTACTTTGTCAAAAGGACAGTGAGTAACTAAACAAAAGCAACTCAAACCTCTGCCAATTAAAGTATCTTTAGGCTTTTCCCCTGATCCGTTCACTTTTTATTTTTCCCACCCCATCAAATGCGATTTTAAAACAAGAG[]TGAAATAAACAATATCAGCATAAACTGCTATGATGGATACCACTTGAAAAGGAGATGACAGTGAACAAGTTTCGCTTCAGTGTTGAAAAATTATGAGGCTTCAAACTCAGCTAACTCAGTGCTAAAGTTAAAACACTTATTCCTGAAGAAATAGGCTCTACAGCATTTGAGGGTGTCTTCTTGTCCTGACCTTTAAAAAATAAACTCTTTTCTTTATCATCATTTTATGA	ENSG00000134532	SOX5	intron	ENSG00000134532	SOX5	intron		False	1	False	28794.0	True	balanced	False	609.0	28.0	28.0
3327262	12	+	13164854	12	-	13164358	0	6	CACA	0.0	133	-3.0583984410602367	176	-2.7534063116945866	133	6	4	duplication	4	CTGTGCCAAGAAAAAATACTCTAAAGAACATTAGTAGAATTAAATTGATTAAGTTAGCATACAGACTGTAGATTAGATAAAAGTATTATATCAATATTAAAGTTCCTGACATTGATAACTATATTGTGGTTGT[CACA]ACAAGTCGGGTGACCTTGGGCGACTTATTTACTCTCTCTTTGCCTCAGGGCTGTCATCTGAAAAATGGAAATAATGATAATGTGTACCTCAGAGGCTTGTTATGAGGATTAATAATTGCAAAGCACTTAGAACAGGGCCTGGCACATAGTAAGTGCTCTGTAAGTGAATCTTAACC	ENSG00000255621	RP11-377D9.3	intron	ENSG00000255621	RP11-377D9.3	intron	esv2857680, nsv1133181, dgv762e59, esv3422050, esv1056618	False	1	False	4454.0	False	duplication	False	496.0	22.0	22.0
3327696	12	+	86979524	12	-	115843256	0	11		0.0	284	-1.3537534372871929	186	-1.3434515131454008	186	12	9	deletion	0	TATTACATTAATTAAAAATGAAAAATTTTGCCTAAAGGTAAAATGCTATTTGCAATGGGAAAATGTTATTGATGGCTATAATTTCTTATGAGATTGACATATTAATAATTTAATGAACCATGTGATGACTTGAAGTTCTCAGCCTTTTTGGCTTCTGAAACCTTTGCTGTCTACAGGATATTGTATTATCACTTGTCTTCATTTTTCTTTAAGGCATCATGAAGACTATCTCCATACTTTCCCAAATAGGCTCCATGTTTTATTTTTTTTAATTTTTTTTTTAA[]AATCAACACCAGGCGATAAAAGGAGAATATATTTTGAAACCAGGCAGATCTATATTTGAATCTCCTTGTTCTGCTATTTATCAGCTATGTGAACTTGGGCAAGTTACTTTTCTCTAAGGCTCACTCTTTCCATCTTTAAAATGGGCATTATGATGCTCACTTCAACAGTTTCCAAGGGCTGATATG	ENSG00000258185	RP11-202H2.1	downstream	ENSG00000257726	RP11-116D17.1	downstream		False	1	False	14438.0	False	unbalanced	False	28863732.0	7.0	3.0
3335931	12	+	116527815	12	-	61254730	0	10	T	0.42857142857142855	142	-3.283472609841706	392	-3.0015950540056933	142	7	5	duplication	1	CTCTAAATTCTAAGATACTTCAGCAAAGTATGCCAAATTTAGCTACATTTACAAAGCAGAGGATAAGACATTCCTTTTTAAATGTAGTCAACTTCTAGAGTAATCCATTTCATTAATCTATGAGAATGATCTAGTTGATATA[T]ACACTTAGCTTTATTTCCCAGGAAATACTAATTTTTTTCTCTTCTCGTTACACCAGCTTATTCATTATAGGGATTAATGTGATGCTGGATATAAGATATTTTGAGGTCCCAATAGGATATGAGTAAGTTGCTGTTCAGAATTTTCTGAGTATTCAAAAATATTATGCATTGTAGCAGCAATATATTCATTTACAATTTGGTCTTTGCTACCCATGAACTTAGCTTCCTGCGTGTTACAAATGCATCGGCAGTATTGGTTTTAGAATTATTTCTAGAACTCAGGGTTTATATTGATTAGCCTTCTAAGAGAGTTTTTGTTTCTTGGAGGAATTTCACAGCTGGAAAAAATGCAATAAAGAAATTAGTAAAATAACAAACTTCTTTAGAACTTA	ENSG00000123066	MED13L	intron	ENSG00000257308	RP11-471N19.1	downstream		False	1	False	15107.0	False	unbalanced	False	55273085.0	14.0	1.0
3355373	12	-	73444482	12	-	131533273	3	25		0.0	261	-2.0273514775412105	348	-1.5431009885840508	261	40	35	inversion	0	AGATGGCATCTTGTTGTTGCATCCTCTGAAGGAAGGAATGCTATGTTTTCACCCAGCAGAAGGCAGAAGTGCAAGATTGCCAAATGTTGCGTGAAGCCTTAATCCCACATAAGGGAGGAGCCCTCATAACCCAGTCATCTCTTAAGGCCTCATTTTGGCCATTATCTATCACATTGACCATTAAATTTCAACACCTGAATTTTGAAGGTGACACATTCAAACAATAGCTACATCCTTAATTAAAACATAACTGCTAGAAGG[]GCAGGGATAATTTTCAGATGCTGGCGTGGCCCTCCTGTGCACCACGGGGCTACACCCACATTCCAGGAGCCAGGTCCCTCCTGAAGGGCTGGGCGGCAGGGCCTGCTGTCTCCCCTCTCCGAGACTGTGCAGGGAAAGGGCCTCCAGCTGGTGGGGAAGAAGCCTGCTTAGCTTCCTGACACTCAGGGCAAGAGGAGGGGTCTGAGAAGGAAGAAAGAAAGGAAGCACAAGGAGAATGGGTTTTAAGGGATGGGAGAGAGAGAGAGAGGGTGAGAATGGGTTTTAAGGGATGGGAGAGAGGGCGAGGCCAAAGGCCGAGGAAGGGAGTTTGGAAAAGCGGATGATACT	ENSG00000258294	RP11-314D7.1	downstream	ENSG00000111452	GPR133	intron		False	1	False	1497.0	True	balanced	False	58088791.0	3.0	3.0
3361403	12	-	18204976	12	-	18205789	6	7		0.0	173	-0.8995133211955411	134	-0.7849669335709362	134	5	2	inversion	0	AAATTTACTATCTTAGCAATTTTGAAATATACAATATACTGTTTTTAACTATACTCAACATGCTGTGCGTTAGATCTCAATCTTATTCCTTCTGTTTAAAGCTCTGTGTCCTTTGACCAATATCTTCCCCTCACCCGCCTACCACCCTTTGGGAAACAATGTTCTGCTCTGTA[]ATATTATTGTAATATTGTAACAGGCGTGTGTGTGTATGTGTGCGTGTGTGTGCGTAACACAGAACAACCAGCAAGATCTGCGAGTTGGTTGCCGTTAGTTCTACCTGTTTTCTTTGTTTCTACCTCACCCTGAA	ENSG00000111404	RERGL	downstream	ENSG00000111404	RERGL	downstream		False	1	False	6733.0	False	foldback	False	813.0	2.0	3.0
3459715	13	+	44677798	13	-	44758851	6	6		0.0	448	-1.9873731393839804	251	-1.0475982093687572	251	10	9	deletion	0	CAGAATAGGCACTCAATAAATATTTTTAAAAAATGAATATAGGCTCTTGGTCTAAGCATTTTACATACTTTATCTCATTTAATCCTTTCCACAACCATATGAAGCAGGTATTGTTAGCTCTGTTTTAGTGAAGAGATAACAGAAAATTAGAGAGATAAGTAACTTCATAAGGTCATTATATGTAAAATGTTCTGTATAACTCCTTTTCCTGGACGCCTCATCATTATGCTTCTACAACCTGTTATGTGCAGCCAGCTTTTTATTTTTCAATATACGGGTTATAAAATGTGTTCCAGTTCCTTCTCTTCATTTTCTTCTTCCTCCTTTTGTTAATATTTCATGCCTTGTTTTTTTAGGCCTTCAGTGCTCGTAAGCATTTCGTTACCCAGTGAGCTGGAAAAATAAAAGACGATGAAGCTCACATAGCTGAGCAAGGAGTCTATGCTCC[]AAAACAGAATTACCATATGATCCAGCAATCCCACTGCTGAGTATATACCCAAAAGAAAGACAGTCAGTATGTGAAGGAGATATCTGCATTCCCATGTTTATTGCAGCACTATTCACAATAGTCAAGACATGGAATCAGCCTAAGTGTCCATCAACAGATGAATGGATAAAGAAAATGTGCTATATATATGTAATGGAATATTATTTGGCCATGAAAAAGGATGAAATCCTGTCATTTGCAGCAACGTGGAT	ENSG00000226519	RP11-478K15.1	downstream	ENSG00000227258	SMIM2-AS1	intron		False	1	False	1794.0	False	deletion	False	81053.0	7.0	5.0
3482490	13	-	61742818	13	-	102903630	0	5		0.0	291	-1.9358337129692256	124	-1.813433445598964	124	5	4	inversion	0	GCACAGCCTCATCCCAGCTCTCCTATGCCCCAGAAGTCCTAGGTCTCAAGAAAATTAATACATAGAACTGGTCATAGGGAGAGAAAGGCAAATTAGTACCAGATAAGAAGAGTAACAAGGGATCTCTCTCACATTGTATCAGAGCAAAGATGTCTGTACCTGAGAAATAAATGAAAAGTAATGGCATGGCAATTTTGCAAACATACTATAAACACATGTGAAGGAAAGAATGAACAAAGGAAGAAAAAACAAGAAATGAGATATGCAGAAAGGAGACAAATTTCTTAAAAT[]AAATTCCTTTTATTTCCTGTCTTGCAATCCACCTGTCTGCTGCTGCACCCAGTCAGAAGGCTCTGAGTGAGGGCTGGAGCTTTTATGGCACTCTAAGCCTCTGGACTTTGTAAAAACTGTTGGT	ENSG00000266663	MIR3169	downstream	ENSG00000102466	FGF14	intron		False	1	False	4244.0	False	inversion	False	41160812.0	10.0	2.0
3523030	14	+	76339587	14	-	76362805	6	21		0.0	355	-1.9665485637890163	295	-1.7502686590901857	295	29	22	deletion	0	CAACAAGGGTGAAACTCCATCTCAAAAAAAAAAAAAAAGTCAAAAGTTAGTTGCTCTTATAATTGTGTATCACCTTTTTTTTATCATTTAGGTAGAAAACATGTAAATGTATCCTCTTAACAATTTTTATGTATACAGCACAGTATTGTTAACTATATGCATACTGTACCACAGATCTCCAGAACTTTTTTTTTTTTTTTTTGAGACGGAGTCTCGCTCTGTCCCCCAGGCTGGAGTGCAGTGGCTCAATCTCGGCTCATTGCAAGCTCCGCCTCCCGGGTTCACGCCATTCTCCTGCCTCAGCCTCCCAAGTAGCTGGGACTACAGGTGCCCACCACCACGCCCAGCTAATTTT[]TTTGTAGCTTTGCTCTTCCTGTAAAATCTTGAGCATTTTCCTTTTGTGAGTCCTTCCTTCTACAGAAAGGTCATCTCTGATGTGGTGGCATGAGTCCAAGATAAACTTATACTAAACCATTGAAATAGAAAACTAGTACCCCTGTGTTGGGGATGTGGAAAGCCTTGAAAAGAACCCAAACAGAAATAATATAGCAGCAAACCACAGTCAACCTTGTGAAGTAATGAACAAAACAGACCTTAAAGAAAGCATATCGCTTTCAGAAAAGTTTCCACTGATCAAAATAATGGGCAAA	ENSG00000119685	TTLL5	intron	ENSG00000119685	TTLL5	intron		False	1	False	3444.0	False	deletion	False	23218.0	22.0	27.0
3523559	14	+	85939276	14	-	85948693	1	9		0.125	239	-1.8813115163649383	372	-1.4660801036300954	239	16	12	deletion	0	GAAAGGTGTAATCTTTATGGAGTATATTTGAAAGTCTGTTCTTTTTTTAATATCTGAAAAACTTAAGCAGACATGAAATATTATAGGCTATAATGCTGGGGAGAATAGTCCATTCAGATATACATTGCATTTTAGTTTTCACCAAACCATTTAACATAGAATCAAAACACTGTGGCTAAATTATAAAATTGCTTCTATCTTTCTAACACTTTGTTTAATCTGGTCTAAAAACTAAAATG[]CTAACTTTGCTTAGGTATTTGTAGCTTTCATATCGATCTATGAAAATGCCAGTTTCTTCTAGGATTTTTCTAACCTCTGTTGTAAAATCAGTTGCCCACTTTTTGGAAAACTCTTGTCCTCTGACACTGGATGGCTTATACTGTGATCTATCCCTTTCTTTGCGTGAGTATCACTTCCCATGTGAGTTTCTCAGACTGTGATAATAGCCTCAAAGCTACTCATTCAAGGTAGTCCGTGGTGGTGGCATTTGGCGTCTAAATTCATGGCATAATCCACTTGAGCAGGTGGGCACTTTGGAATGAATTTTGGCATTCGTAGTCTTGCCAGAGTGGATGTTTCTCCCTACACCTCCGACCCTGACATCTATGTCC	ENSG00000258902	CTD-2128A3.2	intron	ENSG00000258902	CTD-2128A3.2	intron		False	1	False	2075.0	False	deletion	False	9417.0	1.0	1.0
3523991	14	+	97284708	14	-	97284402	0	14		0.0	139	-1.3697323749403496	142	-1.2933020439113088	139	8	6	duplication	0	TTCTCTTTTAGAACTTTTAGAAGTTTTTTAAGGAATAAAAGTTGAGAAAGTACATTTGATACTATATTTTAAGCATTTTACTCACTATACCAAAACATTTTATAACCTAACGTTGATCACTTTTCTAATACAAGTAAAA[]GGATCCTTCTACCTACTATCTCAAAAGTCAGAAACGGAAATACAGTTAAGGCTTCAGGGAATGCTTCCCTTGTAGGGGAAAGTGATAGCAGTGAGGTGTCTTGGGCTTGTGTTTGCAAATGTACCACACTGTGCATTCTCAG	ENSG00000100749	VRK1	intron	ENSG00000100749	VRK1	intron	esv3303068	False	1	False	7604.0	False	duplication	False	306.0	6.0	6.0
3526798	14	+	83726683	14	-	83729330	2	3		0.0	219	-1.9731768525098017	352	-1.3385431379179409	219	6	5	deletion	0	CCAGTTGTTTCAGTATCATTTGTTGAAAAGACTATCTTTTCTTCATTGTGTGGCCTTTGTTCTTTTGTTAAAGATCAGTTGACTGTATTCAAGTGGGTCCATTTTGGGGCTTTCTATCCTGTTCCATTGACCTATTGGTTTATTCTTCACCCATACTACACTTGCTCGATTATTGTACCTTTATAGTAATTTTGAAGTTGAGTAATGTTCGTTCCACAG[]CTAGTGCTAAACAATTTGTCCTTCGTCTTCATTCCTCACTTTGGCTAGACTCAGCTCCTATTGCTTGTAACCGCACACACTACAAGTAGTTTGGGGAGTGAAGGCATGGGTAGGACGTTCTTTAAAAAAAAAAAAAAGGTCCTTTCCAGGAGTAATTTTACAGACTAGACTTAAGTCACATATTCGTGAAGATATTTTTCAAAGTTACAACACTAGATGATGACAGAGATGAGCTTCAAACCCAATTTCTCTTCTTTACTTTTCTACTGGACTGTCTTATATGCACCTTGTCACACTTCTTAATGTTAGGTCCCCAGGTGGCAGTGTCAAGCTAATTTGTTCATTTCATGTA	ENSG00000252369	RNU7-51P	downstream	ENSG00000252369	RNU7-51P	downstream		False	1	False	494.0	False	deletion	False	2647.0	7.0	7.0
3528047	14	+	106227297	14	-	106082760	5	20		44.625	226	-1.275933573561303	156	-0.7832736991831539	156	15	12	duplication	0	TTGTGCTGAGCGGGCTGGGAGGGATCCACAGAGAAGACGGTGTGGCTCAACAGCTGGCACCGGGGACGGGAATGTGGGTGAAGGGCCTGGCACATGGAGTAGCTCAAGGCGTGAGACTGTGACCCACCTGGGGAGCCCGTGCATGAGTGCACTGGGTGGGTGCTGGGGTTGCAAGTGCGTGTGTCCCTGTGTGAGGACCGTGTGAGTACCCGTGTGTGCCACATGG[]CCCCCATGCGTGGCAGGCATTGTCGCGTGGCCCCCGTGCGTGGCAGGCATGTGCAGCCTGAGTACCATGCCAGATGGGGCGTTCTGTCTCCTCCAGGCCCTGCCCTGCCATGTGAGCAGGGAGCTTCCCCATGGGACTGATGTTCTGTCTCCTCCA	ENSG00000211897	IGHG3	downstream	ENSG00000211892	IGHG4	downstream		False	1	False	9580.0	False	duplication	False	144537.0	3.0	4.0
3543578	14	-	65953502	14	-	65987065	0	4	TTATCCCTTACTCGAGCCCTGG	0.0	366	-0.9533635982585174	285	-0.8335636417447311	285	15	13	inversion	22	CTATAAAAAAATTCCACCATCCTTCTCCAAGTTAGAACTCTCCTTCAGGGCCTTATCATGCCCACTATTTTCTAACATAATCTTATGCTAATAGAGTCTAACTGTGCTCTGGCTGATTTTCATCTAAACTATGTAATGTTCCAGAAGGGCAACAGGGCAGGAATTTGCTTCATTTTTCCTTGATGGGTTCCAAGGTAACTGTAAGCACTGCTTCTATGTCCATATAATCACTAGGGAAATATGCAATAGAAAAGTAAAGCTTTCTCTGGTCATTTCTTTAAAATAATAAAGACAAACACTTATTAAGCACACAAACATACTGCTATATACTTCTATGTAATTGATTCTATTTAAGGCTCACTACAA[TTATCCCTTACTCGAGCCCTGG]TTGGCACTCATTTTTGCTTATTATGACTTCTCATTTTCTTAATTAGAGGAGAGAAGACATGTTCTTTGGGCGTCCTGGTTATGTCTAGTCAATAGTCTTAGTTTTCACAGGATAGTACGGAATGTTAAATTATTACTACCTATTTTCTTAATTTATTTCAATAACTTGCTGTTTTTATCAGGAAAAATTAATGAACTAATCAAAATGTTCCATTCTATACATAGTTTGCTCATAACAAACTCATTTTTTTAGAAATGTTATAGCAACCTTATTTTTTTTTTATCC	ENSG00000033170	FUT8	intron	ENSG00000033170	FUT8	intron		False	1	False	207.0	False	inversion	False	33563.0	11.0	10.0
3616004	15	+	25152916	15	-	25158045	0	10	T	1.9090909090909087	161	-0.9602076072699384	278	-0.5405016917155785	161	11	10	deletion	1	AAAAATCATGTTGAAATGTAATCTTCAGTGAAATAGTATGTTGCCCAGGCTGGTCTTAAACTCCTGGGCTCAAGTGATCCTCCCACCTCGGCCTCCCAAAATGCTGGCACTATAGGCATAAGCCACCACGCCTGGCCAAGACACTACCTTGAAAGCACAGA[T]AAATAAGTTTATGTTCTTTATAAGTTACTCATTATCAGGTATTTATTTATTTATTTTTTTGAGACAGAGTCTCGCTTTGTCGCCCAGGCTGGAGTACAGTGGTGTGATCTCAGCTCACTGCAACCTCCGCCTCCTGGGTTCAAGTGATTCTCCTGCCTCAGCCTCCTGAGTAGCTGGGATTACAGGCATGCACTACCACACCTGGCTAACTTTGGTATTTTCAGTAGAGACAGGGTTTCACCATGTTTGCCAGTCTGATCTCGAACCCCTGACCTTAG	ENSG00000128739	SNRPN	intron	ENSG00000128739	SNRPN	intron		False	1	False	1115.0	False	deletion	False	5129.0	34.0	35.0
3645452	15	-	85265163	15	-	85265941	0	21	TTTT	6.928571428571429	269	-2.120530383251227	356	-1.7214529498366755	269	27	22	inversion	4	ACATCTGTAATCCCAGCCACTCGGGAGGCTGAGGCACAAGAATCGCTTGAACCTGGGAGGGGGAGGTTGCAGTGAGCTGAGATCATGCCACTGCCCTCCAGCCTGGGTGACTAAAAGAAAAGGAGAGGAGGCAGTAGCCAAATCACACAGATTCAGCGTGAGTACCTTGAAGAGAGGCTCTTAGGAGACTTTAGGTAAATATTTTAAAGTACTTGAATGTATATATAAATGATTGCTAATGAATGTGATTGTATTCTGGATATCCATAT[TTTT]GCAACATGGTGAAACCCTGTCTCTACAAAAAACGCAAAAATTAGTTAGGCATGTTGGCACATGCCTGAAGTCCCAACTACTCAGGAAGCTGAGGTGGGAAGATCCATTGAGCCCGGGAGGTTGAGGCTACAGTGAGCCATGGTTGCACTACTGCACTCCAGCCTGGGAGACAGAGCAAGACCCTGTCTCAAAAAAAAAAAAAAAAAAAAGGATTAAGTGAGCTAATGAATAAAACCCACTAGAGCCAGGTGCAGTGTCTTACACCTGTAATCCCAGCACTTTGAGAGGCCCTGGCAGGAGGATCAGTTAAGCCCAGGAGTGCAAAGCCACAGTGAGCTATGATCCAACCACTGCAT	ENSG00000140612	SEC11A	upstream	ENSG00000140612	SEC11A	upstream		False	1	False	9019.0	False	foldback	False	778.0	59.0	60.0
3691998	16	+	1527419	16	+	48862583	3	34		9.65	346	-1.8090783403975728	376	-1.1453599163567354	346	40	31	inversion	0	CATGGCGCCAGGCCTAATTTTTGTATTTTTAGTAAAGATGGGATTTCTCCACGTTGGCCAGGCATGTCTTGAACTCCTGACCTCAGGTGATCCACCCACCTTGGCCTCCCAAAGTGCGGGGATTACAGGAATGAGGCACCGTGCCCGGCCCAGGGTCAGCATTTCTTAACGGTGAAGGGAAAAAAGAAACCTAGCAGGCGCCACCTGAACCAAGCAACCCAGTTCAGCATTGCTGGTGATGGGATAAGGTGGCATCGTGTGCCTCCTGATGTGATGCACCAGGAAGGACACAACGTCCCTTCCGGAGCATTCCTGCAAAACATGCTCACCTTGAGTCCACTCATAA[]AGGTGGTTTTTGGGTAAATGGATATGTTCTTTTTTCTTTTTTTCTTTTTTCTTTTTTTTTTTCTTTTTTTTTTTTTTTTGAGGCAGAGTCTTGCTCTGTCACCCAGACTGGAGTACAAGAGGTGTGATCTCGGATCCCTGCAACCTCCACCTCCTGGGCTCAAGGATCCTCCCACCTCAGTCTCCCAAGTAGCTGGGACTACAGGCATGCACCACCATGCCCGGCTAATTTTTGTATTTTTTGTAGAGATGGGATTTTTCCATTTGCCCGGGCTGGTCTCGAACTTCTGAGCTCAAGCAATCCACCTACCTCTGCCTCCCAAAGTGCTGAGATTACAGGCATGAGCCACCTCGCCTGGCTGGATAAATTATTTAGT	ENSG00000219027	RPS3AP2	upstream	ENSG00000260184	RP11-42I10.3	downstream		False	1	False	5993.0	False	inversion	False	47335164.0	42.0	2.0
3694144	16	+	3209760	16	+	3289477	0	5		0.0	399	-2.27450307501842	192	-2.284449190764723	192	5	4	inversion	0	CCTTTGAGTGGGTCGGTTCTAAGTTTAAATTTCCGACGAGCCCAGGGTTTCGAACTTCCTTCCTTTTTTCCTTCGTTTCTCTTTCTTTTCTTTTCTTTCTTTCTTTCTTTTTCTCTCTTTCTTTCTTTTTCTCTCTTTCTTTCTTTCTTTCTTTCTTTCTTTCTTTCTTTCTTTCTTTCTTTCTCTCTCTCTCTCTCTCTTTCTTTCTTTCTTTCTTTTTCTCTTTTATTTTCCTTTTTCTTCTTTTTTTGTTTTTTGTTTTTTTTGACAGTGTCTCCTTCTGTTGCCCAGGCTGGAGTGCTGGAGTGCAGTGGTGCGATCTCGGCTCACTGCAACCTCAACCTCCCAAACTCAAGGGATCCTCCCACCTCCACCTCCCAAGTAGCTGGGACTACAGGT[]TTCACTTAGTTTTACTCCTAGATGATCAGATACTAAATTAACTCACCTTTCAAATAGTTGTTTTTTTCAACTACAAAAGGAACACTTGTTATTTGAAAATGTATGGATTTATAAAACATAAAAAGTGACAAATTCCTTCTAATCCTACTCCTTAGAGACAACCAATATTAACTCTCTTTCCCTCCCCCCCGG	ENSG00000261889	RP11-473M20.16	upstream	ENSG00000103313	MEFV	downstream		False	1	False	8970.0	False	inversion	False	79717.0	71.0	23.0
3695280	16	+	18817488	16	+	18817578	3	4		0.0	213	-0.4724508972127303	138	-0.15230068570532024	138	5	2	inversion	0	AAGAAGAACCAGCTCCTTTGATTTCAGTACTGCCAAAACAAGTAAGCCCCCAGAGTTAATTACAAAAATGTAGAGGAAAATAGGCCCGGAAGACTTTGCAATTTAAAGTACTGCCTATAATACCCCAGATTAAAAAGGACCGAAGATTGCACATCAAGTCTAATATTTGGCTGTACTTGCATTGCCCTGCTCGGCATTTTTAAAAAATGGCTC[]TTTTCTTAATATTGTCCAATGTTTGGTGTTATCTGCATTGTTTTTTGTTTTTTTAATTGTGGTTGTTCTGACGTGTGAAATTTAAGGAAAGAGCCATTTTTTAAAAATGCCGAGCAGGGCAATGCAAGTACAGCCAAA	ENSG00000260017	RP11-1035H13.2	intron	ENSG00000260017	RP11-1035H13.2	intron		False	1	False	4843.0	False	foldback	False	90.0	32.0	32.0
3709336	16	+	22017445	16	-	22022401	9	36		0.0	367	-1.1041432851146074	356	-0.6919644648934855	356	30	22	deletion	0	ATGGTAGGAAGGTTTGGGATAGGTGACTATTCTCTGTACTGATGTGCAGCCATTAGTATGATAAAAATGTTTTAAATTCTTTTAACTCAATACTGGTTGTTCTTGTGCTTTAATCTTAGACCCAGAACCATTTGTAAAGGGTAAAAGGAAGAACTGTATTATTTATTTATTTTATTTATTAGAGACAGGGGTCTCACTGTGTTGTCCAGGCTGGTCTTGAACTGCTGGACTCAAGTGATCCTCCCACCTCAGCTTCTGGAGTAGCTGGGATTATAGGTGCAAACCACCACGCTTGGCTACTTGTATTTATTGTAAACACAAGAACCCAATCATCATCATTCTATTCAGCTGGAGTTAGAATATGTGC[]AAACTGTTCGAAATAATTGCAGAGAAAGCTTGCCAACGGTGATAAGTAGGTTTGTCTAGCAGCACTGATGCGTCGTGGAAGTTGATGGTCATGAACATACAGTGTGATAACCTATCTGCCCTCTTGACCTTTTCTAGTAGTGCTATGTCATTTTGGTACTAAGGTAGGTGAATTTTCCAAGTGTTCTTGGAAATAAGGAAACATCAAGAATAATGTAAAAGCCTCATATACAATAATGAATAATAAAGAATAATGTGAAGGCTTCATTCAAGGTTGGGGTTTGCCAGATACATTGCAACAAAATGACAGAGCAGCCAAGGTATTTAGGATAGTGGCCAAAGTATTGTAATGATGGC	ENSG00000185716	C16orf52	upstream	ENSG00000185716	C16orf52	intron		False	1	False	2602.0	False	deletion	False	4956.0	24.0	24.0
3713679	16	+	48281383	16	-	48280920	0	10		6.9	146	-4.201567407902696	165	-3.4871938156496203	146	5	4	duplication	0	TGGTAGCCCAGAGGCCAGAAGAGGGGCTCTGTTCCTTTCTCTTGTTTCCTTTGCGCTATCCAGGTGACGCTGGCACAGCCTTCAAAGAGCAGCAGAAGTAATTTGCTCCCAGCGTTCTTTGCCACACAGAGTGGCAGGATTAGATG[]ATGTTAAAATTTAATCATTTAAATTAGAAAACATATATTGAAAAGTCTTCATAGAAGTCCGGCATTATAAGAACTCATCAGACCATCTAGTTATCCTAGAAGTATTGTTTGCTACTTAAAAAGCCTATGTGGAAAGATTGTACCATATTCCTTGGTAATAGTTTC	ENSG00000121270	ABCC11	intron	ENSG00000121270	ABCC11	intron	esv2595682, esv3372224, esv3331628, nsv1138451, esv1677967	False	1	False	3326.0	False	duplication	False	463.0	11.0	11.0
3717466	16	+	12417070	16	-	12416683	0	11	A	52.0	136	-2.638841522310433	230	-2.5545373917294225	136	11	9	duplication	1	CAGGATGCGGTCACTGGAGTCACCGGGGACCACTGTCAGGATGTGGTCACTGGAGTCACTGGGGACCACTGTCAGGATGTGGTCACTGGAGTCACTGGAGTCACCGGGGACCACTGTCAGGATGTGGTCACTGGAG[A]ACCACTGTCAGGATGCGGTCACTAGGGGACCACTGTCAGGATGCGGTCACTGGAGTCACTGGGGACCACTGTCAGGATGCGGTCACTGGAGTCACCGGGGACCACTGTCAGGATGCGGTCACTGGAGTCACCGGGGACCACTGTCAGGATGCGGTCACTGGAGTCACCGGGGACCACTGTCAGGATGCGGTCACTGGAGTCACTGGGGACCACTGTCAGGATGCGGTCAC	ENSG00000048471	SNX29	intron	ENSG00000048471	SNX29	intron	esv2713988, esv1672031	False	1	False	8247.0	False	duplication	False	387.0	3.0	3.0
3731215	16	-	1526765	16	-	1527893	0	21		0.21428571428571427	449	-1.9026295507666144	345	-0.9204585584433779	345	40	32	inversion	0	GGTGCCTCATTCCTGTAATCCCCGCACTTTGGGAGGCCAAGGTGGGTGGATCACCTGAGGTCAGGAGTTCAAGACATGCCTGGCCAACGTGGAGAAATCCCATCTTTACTAAAAATACAAAAATTAGGCCTGGCGCCATGACTCATGCCTGTAATCCCAGCACTTTGGGAGGCCAAGGCAGGCGGATCACAAGGTCAGGAGATTGAGACCATCCTGGCTAACACGGTGAAACCCCGGGTCTACTAAAAATACAAAAAATTAGCCGGGCGTGGTGGCGGGCGCCTGTAGTCCCAGCTACTTGGGAGGCTGAGGCAGGAGAATGGCGTGAACCCGGGAGGCGGAGCTTGCAGTGAGCCAAGATCACGCCATTGCACTCCAGCCTGGGCAACAGAGCGACACTCTGTCTCAAAAAAAACCAAAAGGAAACAAAAAAAAGAAAAATTAGCCAG[]TGGTCCACTGTCTGAGAGAGACTGGCATGAGGCGAAAGCACCAGCTGTGCTTGGCATAAGGAGTATGGAAAACACCAGGCACAGGGACGTCAGGAACCAAAATCACACCCGATGGCCTCAAGGGCCGTGTTTTTGAAGTCAGTACTGCTCATCTGCAGAATGGTGAAGTTGCATCTGGAAAATTCAAGCTAATCACTGAGGATGTTCAGTGCAAAAACAGCCTGACCAGCTTTCATGGAAAAAAAAAAAGACCATGATTGAAGCTCATATGGTTGTCAAAACTACAGATGATCATTTGCCTCATCTGTTCTGTGCTGCTTTTACTAAAACAGTGCAGCAAGCAGA	ENSG00000219027	RPS3AP2	upstream	ENSG00000219027	RPS3AP2	utr		False	1	False	6074.0	False	foldback	False	1128.0	42.0	42.0
3740600	16	-	55741196	16	-	55741458	5	5		0.0	178	-0.7207652953149706	133	-0.8164965069693391	133	5	1	inversion	0	AAGCCCACTAAGTGCCTAAGGTGAGGCTTATCTGTGCTGCTCCGACTTCTCCTACTGTGTTGTCAGCCTAGGGGACAGGGTGGAAGCCTGGGCCACCAGATTCTCCATCACCCCCACAAAACAGCTGCCCTTTCCTTCTCTGGACCAGCCTCCCTCCCCTCCTCCCACAAGACCACTG[]ATACACGTAGTCTCTATCTGGGGCTCAATTTGTTCCTCTACAGCGGATCGGGAGTGGTCAGAACTAAGTGTTCATGAATGGGTTTCAAAATTTTTCAGAATCTTCTGAGATTAAATTCAAACTTCTGTTTGAA	ENSG00000103546	SLC6A2	downstream	ENSG00000103546	SLC6A2	downstream		False	1	False	4095.0	False	foldback	False	262.0	5.0	5.0
3795614	17	+	77761082	17	-	77762868	3	81		0.24489795918367346	334	-1.2846010935005114	448	-0.9239312824520384	334	90	74	deletion	0	GCCCACAGTGGCCATATTGGCTGCAGCAGGAATGGTGCCCACCTCGGCGAATTGAAGGGCTAAGAGTCCCAGATAGCTAGGCCAGAGCTGGAAGCAGACAGTAAGGGGAAGAGCTGCTCCCACAGGAGAGGGAGAGATTCCAGCTCACTGCGCAGCCTGGGAGGAGGCGTGGATCCTGGCACGCTGAGCCTCAGGCACCAGCCTCCCTGTGCTCGACAGCAAAGTCTTGACTCCTTCCTGCTGAGCACTGTGCTACCTTCACTGCTCCAAAGCCAGACTAACAGCTCTCCAAGCCCTTGGGGTGACTCGGCTTCCAGGAGCTGTTGGAGAAATG[]AGGGGAGTCACTGTGAGTTAGCAGCTACTGCAACTCCTAACCCAAAGCTCGCGAATAAAGAGGCGATTTGCTTATTACAGAACCTTCCCCGGCTCCTTAAGGCTTCCACCAACTTCAGCATGAATTTATTCATGAATTCCAGCCTCCAGGGAGAATAGAGCTTCTTTGAAGTGAAGAGAGAAGCTGGGCCTAGATGTTGGAGTAACTGGGTGAAAAGCTACTTGGGGCCAAGGCCTGAATGTTTTGGTTCAGGAAAGGGTTCCCCCTGCAAATGGAAATGTGACCCCCAGCACTAGCCCGCTCCAGGAAGTCCTGCGAATTCGAAATCGACTGTTGCAGAGAAAGAAGACTGCTGGTGGGCTCTCTTTTGCTGCCTTCGCAAGGCTCTGGCTGTTTCCTTTTGGAGAAAGTGGGCAAGGGCGACCCCAGCGGGCCTGTCCTCTGGCTT	ENSG00000173894	CBX2	utr3p	ENSG00000173894	CBX2	downstream		False	1	False	4259.0	False	deletion	False	1786.0	41.0	41.0
3795635	17	+	74051114	17	-	74060945	3	31		0.0	268	-1.4212584927015106	446	-1.0396237772457748	268	46	41	deletion	0	TGAGCTGAGATCACACCATTGCACAACGCGTTAATAAAAACAGGATACAGAACTGTATCTTAGTATAATTCCAGCAAGGGAAAAAAAAACATAAGAACTCTCATGAATATAAAAAACATTAAAAAGAAACAGTGCTTTCCTTTCAGTATGATGTCATATCAATGAAGGCATATAGGAAGTGAGACAATAGGCTGATCTTTTTTTTTTTGAGACAAAGTCTCGCTCTTATCCCCCAGGCTGGAGTGCAATGGCGCAATCTCGGCTCACT[]GCAGTATATTAAAGTGGTGATAAACAAGAGCTCCAGAGCCCGGGACAGAATCCCAGTGCCACCGCTTACTAGCTGTGTGACTGTGGGCAAAGTACTAACCTTTCTGCGCACCGCTCTCCCATGTAGTAATACAAATAACACATTTAGACCAGAACCTGGCACTTACTAAGTGCTCAGTAAGGTCGTTAACTACTTTATTATTATACTGGTGAATCTTTCTTTACTGCCTTGATCAATCTGTCTTAAACTTCAGCTTAACCTTGTCTCTTCAGAGTAAAGGATCTTGCTATCATAAGATAGTCCAGGCTCGGTGTAGTGGCTCATGTCTGTAATCCCAGTACACTGGGAGGCTGAGGTGGGAGGATCACTTGAGGCCAGGAGTTTGAAACCAGCCTGGTCAGCACAGCGAGATCCCATCTTTACAAAAGAAAAAAAGAGAAAAGTTA	ENSG00000167881	SRP68	intron	ENSG00000167881	SRP68	intron		False	1	False	7558.0	False	deletion	False	9831.0	66.0	67.0
3795698	17	+	58003463	17	-	57834688	3	41		1.2542372881355932	441	-1.4296098940476931	465	-0.89739677195151	441	56	44	duplication	0	TTTCCTGGCCTTTGCCTACTTCTCTAGCCTAATCTCTAACCACTTCTAACCATACCAAACTACTTGTAGATTTCCCAGACGTATTCTGTCCTCTTTTGCACTGGAATGCCTTTTTTTTACCTTCTACATTTCTTTCTTTCTTTTTTGTCTTTTTTTTACCCTTTTTGTGGAGAATGGGGTCACGCTTGTTACCAGGCAGATCTCGAACTCCTGGGCTCAAGCGATCCTCCTGCCTCTGCCCACCTAAGTGCTGGGATTACAGACATGAGCCACCACGTCCAGGCCACATTTCATTTTAATAACTTTCAAGCGAGACTTTCTGCTAGGTCAGATGTGGTTCCCCTGTTTACCCTTACCATCCTGCACTTGCCTACATTGACTTGTCTTTTTTTCCCTGAGACTTTGGGCTCCTGTCGACTTTTAGACTCCTATGGACAGGGC[]ATTTTTTTTGAATTCTAAGTTTCTCTTAATTAGAAGAACTAGTAGTGTATTGTTATTCTTAAAGCTAGAGTAAAAATTGATTACATAGAATTAGTTTGGTTTTTTTCTAATCACTAAAACTTTTCTAATCACTAAAACTCATGAAAGAATGTAAATCATGGAAATGTAACTTTTTAAACTTATGTAAAAAGAGTTTTTAAAAGATAAAATATCTTTTTCCACAGACAAGTACCTACATCTGCTCTTACTAGAAATCTTACCCTTTCATCTAAGTATAGTTTGCTCTCACCCAGACATACTCCTGCCTGGCCAAGCACTACATCTTTTATCCTGGACAAGGCAAAATTATTCCATTACCAATCTTTGGAAAATATAATGTAATACAGCTCATGAGACTAGATATATGGAACTCTGAAATGAAGCAAATCCAGATGTCCAATATGTTGCAAATAACCAAGCTATCTT	ENSG00000108443	RPS6KB1	intron	ENSG00000062716	VMP1	intron		False	1	False	602.0	False	duplication	False	168775.0	60.0	59.0
3795814	17	+	8105662	17	-	8123990	0	28	C	22.225806451612907	306	-2.9079433135292723	371	-2.7475066465485543	306	29	23	deletion	1	CCATCTCTACTAAAAATACAAAAATTATCTGGGCGTGGTGGCACATGCCTGTAATCCCAGCTACTCGGGAGGCTGAGGCAGGAGAATCGCTTGATCCTGGGAGGTGGAGGTTGCAGTGAGCTGAGATTGTGCCACTGCACTCCAGCATGAGTGACAAAGCAAAACTCCGTCTCAAAAAATAAAAAATAAATAAGCACCCCGCCCATTTCTTTCTCCCTAGAGATAGCCAGTTCCAAGTCTTTTCACTGTTTTATTTTGATTTGCTTTGGGTATTTACCATACTTTTTTTTTTCTTGAGGCGGAGTA[C]TATAGACCTTAGGGATACATGCGCAGTTTTGCCACAGGGATATATCACATAATGTTGAAAGTCTGCACCCAACTTCTGAATAACGTTCATATTTGTCTCATTCCCCTCCTATCCTTCTACTGAGGAGGCTTTTTTTTTTTCCTATCCTGAAAAATGTCACCGTAGGTCTATTTGATTAGGGAAAACAATGTTTTGTTTGACCCCGACGTGATTTGAACACGCAACCTTCTGATCTGGAGTCAGACGCGCTACCGTTGCGCCACGAGGCCTGTCCAACAGCGTGACTTGATGGGTCTGTTGAGCAGCAATAACGGGCGGACTTTTGTCATGAAGCCCCACCTTTAAGATTTGTCAGCGCATTTCTCTGAGGC	ENSG00000178999	AURKB	downstream	ENSG00000178977	LINC00324	utr		False	1	False	3297.0	False	deletion	False	18328.0	66.0	62.0
3795830	17	+	29347740	17	-	29349114	2	7		0.0	335	-1.5681029289622468	435	-0.9451286757984464	335	11	11	deletion	0	TGAGGTAATCAATATATGTATTTCAGCATACCTGTAAACCAGGCTTACTAGTTGGACAACTGGTTTAATGGACTTTTAAAAAAATGTTTGGTTTGGGTAATTCAGCTACTTAATACTGGATTCTGGCTCTGGAATTACATGCCAGTAGATATATACCAAGATGGATCGGGTACGTGTATTTGGAAATTGGTACATGCGTACTGAACAATATTTCAGTTCATATCTTTTCATTTGCAAGCAACAGAGACCAAGTTCAAATCGGCTTAATTTTTAAAAAGGGAATGTACTGATTTGCATAATGAAAAGCTTAGGGGTGGCCATTTTTTAGGCACAGC[]TGTGTGTGTATGTATGTGTGCATATACATATGTGTGTGTGTATATGTATGTGTGCATATACATATATACATGTAGTATATATGTATTCTCAAATATATATGAAGGATATATATATTTGAGTATGTTGGTAGGGGTTCAAACATAACTTCTTGTGTATGTCTGAAACATTGGTAAAAATTCCTGGTCTAAATTTATTTTGTAGACTTAAAAAAAATGAAACGTTTTAAATATGTGAAACTTACAGCTAAATGAGAGCTGATGCTTCATTTCCAGTTAATTTAAAAGTATTAAGAAATGATTGATATCTAGAATGGCAAAAAAAAAAGGTGTCAGGATTTACATACCTTTTAAAATTTCTTAGTACCCTTTTCTGGTTGTGGTGGATTTGTGGACAACATGTTTTTATTTAGGTGATTGGGGTCTTTAAGGTGGCAG	ENSG00000266865	RP11-848P1.9	intron	ENSG00000266865	RP11-848P1.9	utr		False	1	False	1333.0	False	deletion	False	1374.0	36.0	36.0
3795982	17	+	73147763	17	-	73153315	1	33		10.428571428571429	380	-1.3462806442503497	254	-1.037395001242879	254	42	31	deletion	0	TCACACCACTGCACTCTAGCCTGGGCAAAAGAGTGAGACTCCGTCTCAAAATAATAATGATAATAATAATAATAATAATAAAATTAAGGTCAGGAGCGGTGGCTCATGCCTGTAATCCTAGCACTTTGAGAAGCCAAGGCAGGCAGATCACAAGGTCAAGAGATCAAGACCATCCTGGCCAACATGGTGAAACTGTCTGTACTACAAATGTACAAAAATTAGCTGGGCGTGGTGGCACATGCCTGTAGTCCCGACTATTCAGGAGGCTGAGGCAGAGGCAGAAGAATCGCTTGAACCCGGGAGGCAGAGGTTGCAGTGAGCCAGAGATCATGCCACTGCACTCCAGCCTGGCAACACAGTGAGACTGTCTCAAAAAAATA[]ATGGATGTAAACGGCTTGGCTCAATATACAAGTCATCAAAGTGATAGTCCATTTTATTATCAGACTTATTTAGAAAGCAATCACATACTTGTATGTTAAATGAGGGGTTTGGACTTGACTCGCATGGTCTTTTGGCTTACATTTTCAGGTTGTACTTATTTCCTTGCAGTCTAATAGAAGATAGCTTGGTGAGGCAATGCTACAATAGACTAGAAGTCAAAAGACCTAAGTTCTGGTTTTGCCTTTTCCCAATA	ENSG00000189159	HN1	intron	ENSG00000189159	HN1	intron		False	1	False	2458.0	False	deletion	False	5552.0	66.0	68.0
3796196	17	+	29350339	17	-	29442524	2	18		0.0	292	-0.6552972552476791	286	-0.4691954229783412	286	18	14	deletion	0	CAGCATAGGTATATATTGACCTTGTGAAAAAGAAAAAGGCAGAAAACTGAGCTAGAAGTTCTTAGTCCAAGGTATTTAAAGGCATCTGAGAAGTTCTTGTATTTCTGGGCTGACGGGGTAACCAACAGGAGAGAAAGGACAGTGGGATTGGAAAAAACAAGTTGCACATAAAAATGAACTGTTTTCTTACTCAGCAAACTGAAAAATTATAGGTCAAACGTCTGACATTATCCCTAGTTCAATTTAGCCAATGTTTATTGAAGACTTAATGTGCTACTGTTCTAAACCCTGG[]CTTGTGCCCCTTGATTCTCAGGCCTTTGTATTCTAGCTATGGGGAAAACAATATTGTATATTGCTCATTGATCCACTGTAACTGAGTGAGTCTTCAGTAGTCCATTCTGTTAGACCAGCTGCTTCTGGGTGATGGAGTATGTGGTAAGACCAGTGATTTCCAAGTTCCATAACCCATTCCTGCATAACCCTTTTTCTGTGAAATGAGTACCTTGATCAAAGTCTTGTTGAGTAGTATACCTTGATGATGAACAAGGTGTCGCCCATGTCCTTGATGGTGATGCTGG	ENSG00000266865	RP11-848P1.9	intron	ENSG00000196712	NF1	intron		False	1	False	3611.0	False	deletion	False	92185.0	36.0	35.0
3859282	18	+	13493423	18	-	13508167	6	7		0.0	369	-2.380678028440616	301	-1.703047984536186	301	16	12	deletion	0	CTGCAGCGAGCTGTGATTGCACCACTGTACTGCAGCTTGGGTGAGAGAAAGATCTTGTCTTAAAAAAAAAGGAGAGGATCAAAACACAATCCTTTATCTTCTAAACACCTTGACATATTGCCTACAGCCAAGAAGTTACATTGTTTTCAAGCATTTAAATGCCATTTCCACAAGTCTGCTCATACTGGGAAAGTGTATGTCCTCACCCCAAGGCCAGGCTGACACCCTGGTTCTCCTTTTTAGTCGAGTGAGTCTGTCTTTCTTTTTCTATTTTTTTGCATGACAGTTCTATGTAAAACATGGTCATGAAGGGACTTGTTAAATCATGGAGTCAGCTTTTAGGGCTAGAAAAATTGAGAGAAAATTTAC[]CTTCAATTCTATGAAGGCTGAGAGAGGTGAGGAAGCTGCAGGAGAAAAGTTGGAAGCTAGCAGAGGTAGGTTCATGAGGTTCAATGAAAGAAAACATCTACATACCATCAAAGTGCAGGGTAAAGCAGCAAGTGCTGGGGTAGAAGCTGCAGCAGGTTATCCAGAAGCTCTAGCTAAGATCACTGATGAAGGTGGCTGCACTAAATAACAGATTTTCAGTGTAGGTGGAATAACCCTCTATTGGAAGGAGATGCCATGTAGGGTTTTCATAGCTGGAGAGGTCAATGCCTGGCCTCAAAGC	ENSG00000168675	LDLRAD4	intron	ENSG00000168675	LDLRAD4	intron		False	1	False	4137.0	False	deletion	False	14744.0	3.0	4.0
3859384	18	+	12242636	18	-	12491345	5	29		0.13953488372093026	368	-1.0526826171626118	292	-0.6507833080483363	292	43	34	deletion	0	AATTTATCAATTTCTTGTTTTACCGATAGTGTTTTTTTTGGGTTTTTTGGGGCTTTGTTTTTGACAGATCTCACTCTGTCCCCCAGGCTTGATTGAGTGCAGTGGCACAATCACTGCTCACTGCAGCCTTGACCTCCCGGGCTCAAGTGATCCTCCTGCCTGGGGCTCCCAAGTAGCTAGGACTATTGTCCCATGCATCACTGCATCCAGCTACCTTTTTATTTTTTGTAGAGACGAGGTCTCTCTCTGTTGCCCAGGCTAGTCTCAAACTTCTGGGCTAAAGCAATCTTCCCGGCTCTACCTCCCAAAGTGCTGGGGTTACAGGCATGAGCCACCACATCCAGCCAGTGTTTTTTGCACCATCTCCA[]AGAAAGAATAACAAAGCCAGAGACATCACACTTTCTGATCTTACAATATATTATAAAGTTACAATAACAAAAACAGCATGGTACTGGCAAACAACAGTGGAACAGAACAAAGAGTCCAGAAATGAACCCACACATATACAGTCAACTGATCTTTTTTTTTTCTTTCTTTCTTTCCATGGAATCTTGGTTCACCCAGGCTAGAGTGGAGTGGTGCAATCACAGCTCACTACAGCCTTGATCTCCTGGGCTCAAGTGATCCACTCTGAAGCTTTGTCACCAGAAAGTACATTTA	ENSG00000267663	RP11-64C12.9	upstream	ENSG00000134278	SPIRE1	intron		False	1	False	93.0	False	deletion	False	248709.0	23.0	30.0
3860688	18	+	29335842	18	-	29365367	3	13		11.61904761904762	234	-1.372433051491807	469	-0.6637841376858961	234	20	14	deletion	0	CTGACCTCGTGATCCGTCTGCCTCGGCCTCCCAATGTGCTAGGATTACAGGCATGAGCCACCGCGCCTGGCCAGGTATATCTCATTCTAAAGCTTATATTCTTCATTATTTGTGGTCTATACTGCTGGTTACTATAGACCACAAATCCAGTGTGTTATCTGGTGTGTTATTATAGAAATACATGGGTGAAGTTTACCACCATTAGCTACAGATTCTGATGGGAGAAAAAAATTT[]CCTGGGCCACAGAGCGAGACTCCATCTCAAAAAAAAAAAAAAAAAAAACTAAGTTACAAGGAAAAGAATGTTGGTGAATAGCAGTGATCCTGTGGTTCCTGTTACAAGTTTCTTAAGAGGCAACCGGGGAGAGTCACTGGAAAGAAACCTGGGACTGAAAGGCAGCAGCTGACAGAATTTTGACTTATGAGTCACCGAGGCTGGAGTGCAGTGGCGCAATCTCAGCTCACTGCAAGCTCCGCCTCCCGGCTTCACGCCATCCTCCTGCCTCAGCCTCCCGAGTAGCTGGGACTACAGGTGCACGACGCCCGGCTAATTTTTTGTATTTTTAGTAGAGACAGGGTTTCACCGTGTTAGCCAGGATGGTCTCGATCTCCTGACTTTGTGATCTGTCTGCCTCTGCCTCCCAAAGTGCTGGGATTACAGGCATGAGCCACCGCTCCCAGCCTATATGATGTTATTTTTTAAT	ENSG00000141437	SLC25A52	downstream	ENSG00000141437	SLC25A52	upstream		False	1	False	8621.0	False	deletion	False	29525.0	27.0	26.0
3900079	X	+	11953364	18	+	12491696	6	11		0.0	164	-0.9869322057025056	327	-0.7038446640293904	164	12	11	translocation	0	TTTTTTTTTTTTTTAAATTTAACAGCTTTATTGAGGTGTAACCAGCATACAATAAGTTTCACATATTTAACGTACACAAATTTGATGAGTTTTGACACATGCAAACAGCCATGAAACCATCATAACAATTAAAATAACAAACATTTCCATGTTTGCTTTGTTTT[]GTTGTTGTGTCCCTAGTACAGCACTGGGCTGTACAGAGTACTCTCATGGGTTGAAATAATTAAATGTACTTTCTGGTGACAAAGCTTCAGAGTGGATCACTTGAGCCCAGGAGATCAAGGCTGTAGTGAGCTGTGATTGCACCACTCCACTCTAGCCTGGGTGAACCAAGATTCCATGGAAAGAAAGAAAGAAAAAAAAAAGATCAGTTGACTGTATATGTGTGGGTTCATTTCTGGACTCTTTGTTCTGTTCCACTGTTGTTTGCCAGTACCATGCTGTTTTTGTTATTGTAACTTTATAATATATTGTAAGATCAGAAAGTGTGA	ENSG00000206792	Y_RNA	downstream	ENSG00000134278	SPIRE1	intron		False	1	False	179.0	False	unbalanced	False	inf	3.0	30.0
3903714	19	-	50301755	19	-	50380415	0	35		0.06818181818181818	367	-1.9427973209183416	270	-1.3741815371142376	270	43	31	inversion	0	CCTGGGCCTTGTTGAGCACAGTCTCCAGACATTCCACCAGCCGCCCCTTCACAGCCGCATCCTCTGGGGAAACGAAGGGGACGCCCCCGGCTGAGTGTCCTGCCCACCTGGCACACCTGCTGGGGTGGTGGCCATGCCCCAGCTCCTGTCTTCCAAAGGAGGAGCTCGGGGTGCCTCTGACACTCGAGAATTCTGCAGCTCAGGGCCAGGGTCTCTGCTCCCTCAACCTCTTCCCAGCCCAGCAGAGATGGTGAGACAAGGCACCTCTGGAGACACAAGATCTATCCCCAGACCTGGGCTCTCCTCCTGCTCTGACCCTCTCGGGCAAGAGGTGGCACCATGTGAGCCTCAGTTTCCTCATCTGCAG[]TCGTTTCTGGGGGCACTGACGGCTTCATCCCGTTATCCTGAGTCCCTCAGTGCCTCTTGTGGTGTACAGCTCCTCTCACCTCCTCTTCTCTTATCCGTTCGGCTCTTCCAGCTGTCGCGCCCCGCAGAGAGATGGGACAGCCCCGTATTAACATGGCCTTAGCTGACCGGCTTAGGCCATGCCCTCGAGCAAAATGGTACCTCCTTGGCTTCAATTCCAGTATACAATATGGAGAAGGAAGTGGGCGTTTCAAGGCGTGCTTGCCCCAGG	ENSG00000196961	AP2A1	intron	ENSG00000204673	AKT1S1	utr5p		False	1	False	1590.0	False	inversion	False	78660.0	57.0	62.0
3909820	19	+	44453950	19	-	45776168	3	10		0.0	291	-1.6069975168380188	454	-1.0405125043308772	291	16	15	deletion	0	ATCTGGCATGATTCTTCAGCTTTCTCTTTTTGCTCATGGTGTTTTTGATACTATTTTAATGTATGGATATACTGCATTTTCTATATCAATAGTAATCAAAAGTAATGCCATTTTTAATAGCCACACATAAAGTCAAATACCTAGGAATTAACCAAAAAAGTTAAAGTTGTCTATAATAAAAACTATAAAACACTGACAAAAAAATTGAAGAGGACACCAAAAAATGGAAAAATGTTCCATGTTTATGGATTGGAAGAATCAGTAACGTTAAAATATCCATACTACCCAAGC[]AATGTAGTAATGATTGTGCAACTCCGTGCATATACTAAAAGCCATCGAATTGTGCACTTCGCTTCAAACAAAACAGTTCCTGTCTTCCCAGACTAACATTCCTACTGGGGCCAGGCAGCTAACAAAACAATAAGCAAACTAGATATGATATCAGATGCTGGCCTGTGCTATGCTGGGGGGAATACTGTAAGGGGATGGGAGGTGTGGGCTGAGTTGTTGCTTGCTTTTTTTTTTTCCCCCTTTGAACTTTTTATTTTGAACGATTGCCAATCTACGGAAAAGTTGCAACAGTAGAGCAAATAACACATGGTATGTTTCAGGAGCTTCACAATCGCTGGCCTGTGTCCACATTTGCTCTATCTGTCTGTATTTGCACATGATCTTTGCTGCCCTCATCGGCATTGATGGCGCATTTGACAGTTAGTTGCAGACGCTGTGTCCTTTTATCCCTAAA	ENSG00000159905	ZNF221	upstream	ENSG00000007047	MARK4	intron		False	1	False	2708.0	False	unbalanced	False	1322218.0	3.0	47.0
3910215	19	+	59077254	19	-	59093630	2	8		10.888888888888893	361	-1.4770823986187152	462	-0.7811572497385049	361	17	14	deletion	0	GCCCGTGTGTGTGTGTGCGCACTTGAGACGGAGTCTCGCTCTGTTGCCCAGGCTGGAGTGTAGTGGCGCCATCTCAGCTCACTGCAAGCTCCGCCTCCCGGGTTCACGCCATTCTCCTGCCTCAGCCACCCGAGTAGATGGGACTACAGGCGCCCGCCACCACGCCTGACTAATATTTTGTATTTTTAGTAGAGACGGGGTTTCGCCGTGTTAGCCAGGATGGTCTCGATCTCCTGACCTCGTGATCCGCCCGCCTTGGCCTCCCAAAGTGCTGGGATTACAGGCGTGACGTGCCGCGCCGGGCCCATGTGTGTTTTAAAGGAGAGGAATGGGGCTGGGCACGGTGGCTCACGCCTGTAAT[]CCATGAGCCTCTTCCAGGAGTGGTTCCTGCACTTCTGCTCTACAGTGGAGGGCGCTGCACCCAGTACGACCTTCCCTACAAGGGGCTGCCCATCCTGGACAGCACTCCCGGCCACCCTGGGTGTTGAGACAGAGTCTGGCTCTGTCGCGCAGGCTGGAGTGCGGTGGCGCGATCTCGGCTCACTGCAACCTCCGCCTCCCGGGTTCACGCCATTCTCCTGCCTCAGCCTCCCAGGTAGCTGGGACTACAGGCGCCCGCCACCACGCCCGGCTAATTTTTTTGTATTTTTAGTAGAGACGGGGTTTCACCGTGTTAGCCAGAATGGTCTCGGTCTCCTGACCCCATGATCCACCCGCCTTGGCGTCCCAAAGTGCTGGGATTACAGGCGTGAGCCATGGTGCCTGGCCCTTTAATTCCCCCAATATTTTTTTATCTGCATTAATTTATTATTTCAAGTGAACT	ENSG00000267858	AC016629.8	intron	ENSG00000213753	RPL23AP79	utr		False	1	False	4304.0	False	deletion	False	16376.0	55.0	51.0
3910586	19	+	48556611	19	-	48557970	3	18		0.0	408	-1.6308148779868368	228	-1.098667941608802	228	21	17	deletion	0	TACTTACTGAACGAGCATAGGCATCAGAGCGACTATGGTCTCCCACCTACCCGGCCACGTTCATCAACTCTCTAAGGATCTTCTTCTTGTTTTCCCTGACATTCTTCTTGGCTAATGCCAAGAGTAGCACCACCACATCTAGAGTGTAGGTGTCAGCAAGCTTGAATGTGTCGTATGTGTCACTCCATGCCTCAATATCACCTGAAGCATAACCAAACCAACAAAGAAAAGGCATCATGAGTTTGGACAATTAATTCTGCAGATTTTTGTCTATTTACATCAGGGCTTGGCAAACTACAGTTGTGGACCAAATCCAGTCGGCCCACTACTTTGGCTTTATAAATAAAGTTTTATTGACACATGAGGTTATGGATTTATCTATATTTTTATGATCCATGCCCCTTCCGG[]TCCACCATGACTGTAAGTTTCCTGAGGCCTCTCAATCCATGCTGAACTGTGAGTCAATTAAACCTTCTTCCTTTGTAAATTACCCAGTCTCAGGTATGTTTTTATTAGCAGTGTGAGCATGGACTAATACAGGTGGCTTCTCACCTGCTCCTCCCCTGCACCTACCTCCACAGGCATCTATGTTGAACAGGGGAAAATGCATCACCACTGGTCCAGTTTCTCCTTTCA	ENSG00000105499	PLA2G4C	intron	ENSG00000105499	PLA2G4C	intron		False	1	False	6381.0	False	deletion	False	1359.0	14.0	14.0
3918905	19	+	50378565	19	+	50380360	1	40		0.0425531914893617	435	-1.7521526749554983	371	-1.2373109931813413	371	45	34	inversion	0	AATTTGCAGGCCTTTTATGACTCACGATCATTGATGTTGGTGTTTGCTGAGCACCTATTCAGTGCTGGGATTCCACACCTGGCATCTCACCTATCTGACTCACTCAGGGAGTTCAAAGCCCCAAGGGAAGGAAGAGGTTTATCCACCACCTCCCAGAAGCCACGCAAGGACCCAAGATGGGATCAACCTTCTCATCCCACCCTTTCACCTACACTATGAGACAGGAGCTTTAGTTACAGTTCACCCCATTTTACAGTTGCAAACTCAGGCCCAGGGGCAGTCAGCATCTTGAAGGGCCACAACTGGAAGAGGCAGGGCTGGGACCTGGACTCAGAAAGTCTAGATCCGGGGCCTGTTCTAAATCCTGACCGCCATCCTGCCTGCCTTTAGGAGGGCAGATATTCTAATCCAGATGGAAAAGTGAGGCTCAGAGAG[]CATTTTGAAGCCTGGCAAACCGAAGCAAGAAATGCTGCCGTGTTGGATCTTTGCCAGCCTTCGTGCCGAATGGGAGCAGGTTGGAGGGAGGGAGAGCCAATATACACTATGGGCTGATTAAGCCCGGTTGGCTGCCATGTTGTTAACGAGCACCGATTTCCTCTACTTTTGTCGAAGAAGTTTATTGTGGGTCAGGGACGTCAGGTCGCTTGCCTTCGTTTACTGTGGTCATGATTGAGCATATGAGGACGGCCATTATTGTTGGGGGCAAATGGAAATGCTCTAGGCGGGGCCATTTTTCTTAGGGGCAAGCTGTCGTCACCCTTGTCAACTGGTTCGGATGAAGCCCCTGTGGCCGCCATCTTGATCTC	ENSG00000204673	AKT1S1	intron	ENSG00000204673	AKT1S1	utr5p		False	1	False	7306.0	False	foldback	False	1795.0	62.0	62.0
3919671	19	+	613778	19	+	39385418	1	3		0.0	168	-2.426561001837116	248	-2.0211840685662468	168	5	3	inversion	0	GGATGGGGATGGGGATGGGGATGGGGCCGGGGATGGGGATGGGGATGGGGCCGGGGATGGGGATGGGGCCGGGGATGGGGCCGGGGATGGGGCCGGGGATGGGGCCGGGGCCGGCACCAGGGAGAGCCTGGGTGGGAAGCGCCCACGCTGGCCAAGGTGCAGAGGCCG[]GACCTGCCAGTCTGGAGCTGGGCTGAGGGGAGGCTTCGAGGAAGGAGACAGAGGTTGCTGGAGAGGTGGGCAGAGTGTCTGAGGCCTCGAGCAGGGGGCACATAGGTCCTTGAAGTGAGGGCCAAGGCTTTGCATTGGAATCATTCCCAGAGTGACTTGGGACATTATTCAGAGGCCCCCAGGGCTGCTGGGAAGGGACAGCAGGCCCACGCTCCAGGGGACCCGGGAACGAAGGGAAGACCCCAGGC	ENSG00000099822	HCN2	intron	ENSG00000068903	SIRT2	intron		False	1	False	2220.0	False	inversion	False	38771640.0	49.0	59.0
3939974	20	+	40039656	20	-	40044411	0	32	A	0.0	349	-1.2701122333985622	356	-0.8317165350451271	349	45	27	deletion	1	TGGGAAGAGGCTGGCTTGCAAGAACAGCTTAGAAATGGGTTTTCTGGCAAAGGGTCAGCATCTGTAGGGAGGGATGAACACTAATTTCCAAGGAACATGAGGGAAACTGTTAGACACGGGGAAAGAAACAAGCAAGCCAAGGGGGAACCACATGGCTCTTCCTGAGACATCTCTAAAGCAAGAGCTCAGAGACTACAACAAAGCAAGAACCGGAGATCTTCCCTTGATGGCGTATCTGAGACACCGTGTGCCGAGACAAAAGGAGAAGGTGGGAGGCAGCGTGAAGGGGTGAGGAAAGACAGAGGGGACACAAACAAAGGTGAACTAGCTCGTACTGCTCACGCAAGTG[A]GCCTCCTCAAACCTGAACAGCTTGTTAAAATGCAGATTCTACTTCAGTGGGTCTGAGGTAGAGCCTGAGAATCTGCTTTTTTAACAGGTTTCCAGGTGCTGCTAAAGCTGCTATGCTAGTCCGTGAACTACATTTGGTGTTGCAAGATGATAACTCAGAAATGCTCAACCTCACCTGTGCATCAGAATCACCTGGGAAGTTTAAAACAACTCAGTACCCAGGACACACTCCAGACTGAATAAGTCAGCATCGTTAGCTTGTCACGGTCCCCAGCTGATTCCAATGTGCAGTTGAGCATGAGAACCAGCTAGTTAATAATGTATCTCAAAACTCATCACCCCCACCAAAACGCTCAC	ENSG00000124177	CHD6	intron	ENSG00000124177	CHD6	intron		False	1	False	66.0	False	deletion	False	4755.0	21.0	20.0
3970084	21	+	27281274	21	-	27840212	4	15		0.0	387	-1.8709058686139304	377	-1.4037686157979674	377	23	17	deletion	0	GTATCTCATTATATGGCTTATTATATTCATTATTTTAAGGATACATTGTTGAGGCCATAAGGTGATTCATCTTGAGACAGGCTGATAAAGTCTCTCTAATAAGATCCTGGCTCCATTAAAAAAAAAAAAAGCTACCACTGACATTTACTACGTTCCAGGAATTTTGCTAAGAGCTTTTTTATGCCTTCTTATTTAATGCTCATACTATACCTCTGAGTTAGGAATTATTGTCAACCTTATTTTACAGACGAGGAAGCAGCCAGAGAGGCTAAGTAACTTGCTCAGAAGCACATAGCAGGGCTGGAATTTAAACTCGGGTCTGTATCATTCAGGAGTTCAGGGGTATGGGGTAGTATTTAATATCCTATGAGATGATGGCCGTCTATT[]TTATCCCTTCTGGAGCGTGTCTCTACCAAGAGCTTCACAAAGCAATCTAGTCATTGCTCTTTCTTGTACTAAAACCAGAGTACCCGTCCTGTAACTTCCATCAGGACCTCAAACAGTGCTAGGCACATAGTAAACTCTTAGGCACTCAAAATACATTTATTGATGAATGAAAGAATGAACAATTCTAGTTCTGACTTTTAAAGCTATATAGAATAAAGTTGCTTCCTTGTGTGGGCCAAATCATTCTCCCATCCTACTTAGATCTTCTTTTTTTCCAGGATCAATACTGAAACTTTCTTCACCTAGCCCTTAAACAACATGATTATCAGATATTTTGTCAATTACATTACTCTTCCCTGAATGTGCTTAGGTGGATC	ENSG00000142192	APP	intron	ENSG00000232692	AP001596.6	intron		False	1	False	3740.0	False	deletion	False	558938.0	13.0	7.0
3970117	21	+	24812487	21	-	24824092	0	24	G	0.07692307692307693	255	-2.005954155230334	426	-1.5415728632331556	255	26	21	deletion	1	ACAAATTATCCTTCATGTAAAATATTTTCATATAAATAAAAGCTTTTGTCATCAATGCTTTGCTCCACTGAAATGGATATTTTTATATTTCTGATTTAAATTGGAAGTAATTTAATTAAATATTGAAAAAATAAGAAAGACAAAGAAGGACAGAAAGAGACAGAGACCAGATAATCAGGAAACAGGGAGAAAGAAAGCCACATAGGTAATTAGAGATATTTCTGACTGGGCTTGCTTATCCAAATTACAAGAATG[G]ATCTATATAACTATAATTTTAGAAACAGTTTAGCATAGCCATTAAAATTATAATTAACATTTGATTTTTATGAATTTATATAATTTTGGGACATTTATATCAATAACATACCCATAAATCTAACTGAAAGACCTAGTATAATTTATTATTTGATAATATTTCTCATACAATTTACGAAGTTAGTCTAATCATTTAATCCAAAAAGACATACTTTAGAATTTTGATGCTGGGGAAACCTTCAAAAGATGCCAAAAGGTTTAAAATGTTTGATCCAACACAATCACATGTCACAGTATAAAAAAAAAGTCAATTATTTAAACAGAGTCCAGAGTGGTAATCAAAATACTTCAAAAGCAATTGAGAAAGTTACATAGATGTAAAAGATGTGAAAACCTCAAGCCCTTTAAAGCTCAGTTTTCTAATTAA	ENSG00000199698	Y_RNA	upstream	ENSG00000199698	Y_RNA	upstream		False	1	False	195.0	False	deletion	False	11605.0	7.0	6.0
3970557	21	+	18761568	21	-	18762713	0	5	TTTT	0.0	325	-1.0218147405856606	332	-0.4025618291358769	325	13	10	deletion	4	AGCAGCCAACAAATGTTTCTGTGTTTTTCTTGAGAATTTTCAATATGTCGTGTGGCCCCTGTGAGGTCACTGCAACTTCTTGGGGTGCCTCAGTGCACAATTTGGGAATCATAAGCTTAATTATCTTTTTCTCAGAGATAAAAATGTAGAGTATGTTTAAAGAAGTCTTTCTAAATACATCAATAATTTCTCTATTATTCATACTCTGGGGATATTATAAAGGAGGCTATTTCTATTCATAGTATGGAAACAAAATGAAAATTTTATTACTTTATAAGTATTTATTTAATATAAAAATATTCTAAGGGCTGGACCTCTTTCCTTT[TTTT]CCTCCCCAGTAGCTGAGACTACAGGTGCCCGCCACCAAGCCCAGCTAATTTTTTGTATTTTTAGTAGAGACAGGGTTTCACCATGTTAGCCAGGATGGTCTCGATCTCCTGACCTCGTGATCCGCCCACCTCGGCCTCCCAAAGTGCTGGGATTACAGGAGTGAGCCACCGCGCCCTGCCTGAATATGGAACTTCTAATCAGGATTTACTGCCACTCTTTATAAAAAATAATTTATTTTAAAATAACTTACATAAAAACTTTCAGATCAGAACAAAGAATTCTTGTATCCCTTTCATTCAGATTGTCCAAACATTAACATTTTTCTGAATAT	ENSG00000252462	U6	upstream	ENSG00000252462	U6	upstream		False	1	False	7718.0	False	deletion	False	1145.0	13.0	15.0
3970971	21	+	16727507	21	-	16734759	5	6		0.0	323	-1.7019035259940056	182	-0.8791306975424846	182	6	4	deletion	0	TCTGGTGGTGTTGCTTTTGTAGTATGAAGCCTAGTTCATTTTTATTAAAATATAATTGCCTTACCTAGGAGATGCTTGAGGAATTGGAAGGACCAACCCAGAGTCTATCTCTCTTTGTTGTTGCTTACTGAGTGTTCTCCTTGGTGGAAGTGGCTTCTATTCCATTATAGGCAGAGCACTGCAGGGCTGTTTATTTCCTGTATCTACAGAGTACAAAAATGGTTCAACGAAAGAAATAGTTGGGATTGAGGTATTTGATGGAAAGGAAATGGGAGTATTTGTTCGTTTGGGCCACGAGGCAAGTTCAAAGCGGGAGACTTTTG[]TTTTACTAAGTAGTAGAGGGCAACATGGCCTTGTGCCAGGGTATTCCTTTTTACTTTTTAAATGAGTGTACACAAACGTACCCCTGGTACCATTTCAACAACCTCCTTAATCAAACTGCCTGTAGAAACTGGGAGTCTCCAATGTTAACTTTGCTAAGGTGTCTTTAAGACCAGAGAACAAG	ENSG00000229425	AJ006998.2	downstream	ENSG00000229425	AJ006998.2	downstream		False	1	False	5030.0	False	deletion	False	7252.0	4.0	4.0
3988351	22	+	24873950	22	-	24881208	2	33		0.0	387	-1.465322214190086	331	-1.2306487421717491	331	42	33	deletion	0	TGACCTTGGCCCCACTAACCTTTCCAGCCTCTTCTGTATCCAGACCAACTTCACTTTCTTTAGTGAAGGATTAGAGATGGATAACAGCCTGGAAATGGCCACGTGTAGTGGAAAGGGTTTAGTCTTAGTCAAACAATTCTTGACTCCTCTGGGCAAGTTAGTTAACCATGCTGAGTCTCATGCCCAGTGGATAGGACACCCCTGCTTATAAGGTGATAATGAAGATTAAACACAAAATCATGTAAAGGGGTTAGCCCATATCCTAGAACACTACAGATACTGATTTCTCTCTCTCTTCTGGCCTTTTTCCCACTTCTCACAAGAAATGTTCAAGAAAGCTTCATTTTTAAAAAGCCCAGGCCAGGCGCAGTGGCTCACACCTGTAAT[]CCAATTATCTGCAGATGGTGAAGTATAGAACATAAGTCTGTTTGGCCTAACTTAACAAATACATAATTCTTTCTACACACTTGTTTCGCCCCGGGCTGTGTACCTATTTGACCTCTTAACCCCCATCGATTTTTGTCCCCTTACGATTCTCCAGATACAACCACTTCCAATTTGAAATTGCTCTTTGCAACCATGAGGTAGTTGTTTCATCCCCAGATTCTGGGACCAGAACTCTTTTCACCATTAGGTTCCAGAAACTAGGGTCCAAATACTCTTGCAATAAAGTGTTTCCTTTAAACCAAATCCAACCAAACATACTTTTAAAAAAGTT	ENSG00000178803	ADORA2A-AS1	intron	ENSG00000178803	ADORA2A-AS1	intron		False	1	False	472.0	False	deletion	False	7258.0	40.0	45.0
3995938	22	-	31069631	22	-	31090447	0	15	C	0.0	417	-1.9394827258193696	171	-1.4482535461408803	171	14	13	inversion	1	TATCAGGTGGTCTGATCTTCATTAGTGGCTGATCTCCTTATTGCTCTTCTCTAAAGCTCTCTCCACACTATATTCATTCCATAAATACTTTGACTCACAGGGAGTCTATTTATTTGTAAAAAGTGGGCATTAAGCTAGGTAACTCCAAGGCCCAGCGCAGTGGCTCACACCTGTAATCTCAACACTTCGGGAAGCCAAGGAGGGCAGATCACTTGAGGTCAGGAGTTTGAGACCAGCCTGGCCAACATGGTGAAACTCCGTCTCTACTAAAAATACAAAAATTAGCCAGGCGTGGTAGCGCACGCCTGTAGTCCCAGCTACTCGGGAGGCTGAGGCAGGAGAATCACTTGAACCCAGGAGGCAGAGGCTGCAGTGAGTTGAGATCACGCTGCTGCACTCCAACCCGGGTGACAGGGA[C]GGCGGAGAGCGAACCCACCCCAGCCTGGGTTGGGGGAGGGGGCGTCGGCGCAGGGTCCCGTGGGCAGAGCTGCGCTGGGAGCTGGCGGGCTCCGCATTCATCATTGTTCCTCCAGCGCCTGGCACGGCTGGGCCGAAGCAGAGACCGTGGCCTGAAGCGCGCCATCCCCTT	ENSG00000100036	SLC35E4	downstream	ENSG00000184792	OSBP2	intron		False	1	False	4556.0	True	balanced	False	20816.0	40.0	36.0
4001160	22	+	31069612	22	+	31090394	0	36		0.7169811320754716	436	-1.116069695659441	323	-0.7118681105458148	323	48	39	inversion	0	TGCTGGGATTACAGGCATATGCCACCGTGCCCAGCCCTTTGTGGCTTTCTGAACACCAGTATCATTATCAGGCTGGCTGAACCTGGGGAGCAGAGCCACAGGAAACCTTGGCCTGTAGACCACAAGAAGTACTTCCACTGCTGCTCCAGTTAGACAAATCCTGAGGAAGGACTCCAGTTGGCCCCAGTTGGTTCATGGGCCCATCCCTGTTTTAATCACTGTGGCCAGGTGGTGTGGGGTATTCTGAGTGGCCCACGATAGGTTCGGGGCCAACTGGGTGGGGAATGTCGTACACCTTAGGTGGGGCAAGGAACTGTGAACTACTCTTAACTGGAAGCTCCTGAGTTGGCTTTATGTATACCTGAGGGCTGTGCCAACTTTCAGCTGTCCAGAAGCTTCCTTTTACTTTTTTTTATTTTTTTATTTTTTATTTATT[]CGCACGAAGCACAGGGGCGCTAAAGGCTAAAGACGACGCCCCGCCCCCCATGGCAGCCATTACCTGTCTGTGGGTCGCTCCTGCGGCCGCCAGAAGCGGTGGCCCCAAGTGGCCGCCTCACCGCCTCCACCTCCTGAGCCAGCTGGCCTACGGTTCATGCCAAGGCGCTTCGCTGCCAGTGACGACATCGTTCGGGTTCTCTAAACAAATAGGGGAAGACTTTTTGTAAACCAAGCGTTTTAGTACAAGAAACATCTCAAAGTGGGATTCTGAACTTGGACCTCCCGGGATCCCTGGGTAGGCTGGCAGTCTGTGAGGCTTCC	ENSG00000100036	SLC35E4	downstream	ENSG00000184792	OSBP2	intron		False	1	False	18216.0	True	balanced	False	20782.0	40.0	36.0
4010473	X	+	131052811	X	+	131053172	0	12		0.0	354	-3.2529469113927885	213	-3.014158234256373	213	13	13	inversion	0	ATTGGAAGTCAGTGCTGCCAGCACTGGGCAAAACAGTCCATGCCTACTGAGGGAGCATTTAGACCAGCCCTAGCCAGAAGGAAATCACTCATCCAAATGGTAAGAATGTGAGTTTTAGCAAGCCTCATCACTATAGGCTAAAGTGCTTGGAGGTCCTAAATAAACTTCAAAGGCTGTCTAGGCCACAAGGAATGCAACACCTAGGCAGGTCCTACTGCTGTGCTGGGCTTAGAGCCAGTGGACGTGGGGGGCATGTGATCTAGGGAGATGTCAGCTGGGGTGGCTAAGGGAGTGCTGGCATCACCCCTCCCCTAACCCCAGGCAGCACAGATCACAGCTCTAAAAGAGACCCAT[]AGAAGGAGTCTCTCCCCATAGTCACCACAGCTGGGAATGTGCTGGGTCATAACTGAAGCCAGCATGTCTCAGTATCACCCAAGGCCCACGATGTGTACTACCTGGTTACCACTGCTGATTATTCAGGGCCCAGGGGCTCTTTAGTAGGTGATGAATCATGCCAGGACTGAGTTTTTCTCTTCAAGGCAGCAGGTTCCCTTCTGGCCCCGGGTG	ENSG00000235190	RP1-197O17.3	upstream	ENSG00000235190	RP1-197O17.3	upstream		False	1	False	7154.0	False	foldback	False	361.0	9.0	9.0
4010527	X	+	112686003	X	+	126203544	1	17		0.1	293	-1.4136580356821251	353	-0.8977351969694762	293	20	17	inversion	0	GCTTATATATAGAAATATATTATGTTTGACAATGATGGCACAAAGAGAGAAACAGAAAATTCAAAAGGAACGGTTTGTATATCTCACTACCAAATTTATAATTATTACTATAACAACTAGGTAGAATACCAAAAAGAATAGATAAGACTTGCACAATGCTGCATACCAACTAGACTTAAAAACATCTATAGAACGTTCCACCCAACAAGAGCAGGATACTCATTCTTCTCAAGTGCACATGAAACATTCTCCAGACAAGACCATATGCTATGTAATAAATAAAGCACCTCAAT[]GTCCTAGCTAGAACAATCAGACAAGAGAAAGAAATATAGGGCATCCAAATTGGAAAGGGAGAAATAGCGTTATCCTTGTTTGCAGATGATATGATCTTATATGTGGAAAAATCTAATGACTCCAATGAAACACTATAAGAGCTAATAAAAAAATTAAGTTGTAGGATACAAATAAACATAAGAAATCAGTAGTATTTCTTTATGCCAACAGTGAACTATCTGATAATCAAATTGGAAATAATCCCATTTACCATAACTACAAAAAATAACAGAATCTAATTGTTTCATATGGCTGAGTAGTACTCCATTGTGTATATGTACCACATGTTCTTTATCCCTTTGTAAGTTGATGG	ENSG00000220541	RP5-1170D6.1	upstream	ENSG00000183631	CXorf64	downstream		False	1	False	12726.0	True	balanced	False	13517541.0	11.0	6.0
4038632	X	+	112419563	X	-	112422182	3	4		0.0	231	-1.5686231780489621	403	-1.4754706974028111	231	12	9	deletion	0	ATACTAGCTCAATGCATTTACTAAATTTCACTTGCGTCCGTGTGAAGAGACCACCAAACAGGCTTTGTATGAGCAACAAGGCTGTTTATTTCACCTGGGTGCAGGCGGGCTGAGTCCAAAAAGAGTCAGCAAAGGGAGATAGGGGTGGGGCCGTTTTATAAGATTTGGGTAGGTAAAGGAAAAAGGGGGGTTGTTCTCTGGTGGGCAGGGGTGGGGCCGTTTTATAAGATT[]TGGCTCTTGTGTAAGAATTCTGACTGCACTAACCATGCCTAGGAAGGAAAGGAGTTGTTGTTTGGTAGAAGGGATTGGGGTTTGGGAGATTAGCCAGACACGATCACCAGGGAGAGCACGTGTGTTTTTATGAGAATTATGCCGAGATAGGTAACAGATGAGGAAGAAATTTGGGCTTGATTGAAGTAATGGGGGCTGTCTGTGAAGCTTTGCGGCCGTACAGCCCAGGTAATTTGCTGAGCCTGATGGGTGTCAGGGTCAGTCCAAGTGAAAGCGAAGAGAGGCTGGGATGAAGGGTGCAAAGGAATAGTAAAGAAAGCATGTTTGAGATCCAGAACAGAATAATGGGTTGTAGAGGGGGTATTGAGGATAGGGGAGTATATGGATTTGGCACCATGGGGTG	ENSG00000235329	RP5-1168A5.1	upstream	ENSG00000235329	RP5-1168A5.1	upstream		False	1	False	14393.0	False	deletion	False	2619.0	5.0	5.0
4038691	X	+	112258266	X	-	112259410	5	23		0.0	318	-1.3031333278146129	451	-0.7322528363897469	318	34	23	deletion	0	ATACAGGATATTTAGCAATTGGTATGACATGTGCAGCCTAGACTTCCATTGATCAGAACCTATGAAGCCCAGTAGGTGGTACCAGTGTTCACTGACTGAATATCAGTTCTAGATAAAGCAGAGGACAAAGCGGTCTGTGTTTCCATGGAGTTTACATTGGTAAAAACAGGATATGTTTGGGGCTAAGGTATCATGAAGGAAAAGATAATCCACATAAAGTTGTGACACTAAAAATGATTCCCTTGACAATAAATATGCAGGATTAGTTTGATCACTCCTTGATTGTTTTGTGAGATTTTATGTCCTTTTTCCTTGCAT[]TTTGCCAAACAAAGACACACAACATAATGTCAAGTAATTATTTCATCTCAACCCTTTTTATACGTATAGAATATTTTATATACTTTCGTATCCTAGTTTTTAAAATCTAGCATTATATCTTGAGCATTTTCACATGTCCTTGCATACTTTTCTAAAATATAATTATAGTTGCTATATAATGTTATACCACATAGGTGCAGCACGCTTTGTTTTATACTTCCTCTACTATAGGCCATTTAAGTGTTTTCATGTATGGGATATTGTTAACCATATTGCCATAAATAAAACTTGCTTTCCTGCATTTCTGATTATATCTCTAGTTTATAGACCTAGATTTGCAATGATTGGGCCTGAATATATGAATATTTATAAGGGCCTTTATATATTTTATTATCCAGAAAAATATCTTCTTGAGTACATCGGTAAGCTGATAAGAAATTGTCATCCAGCA	ENSG00000238811	snoU13	upstream	ENSG00000238811	snoU13	upstream		False	1	False	10915.0	False	deletion	False	1144.0	4.0	4.0
4076084	X	-	152105185	X	-	152371431	2	20		0.0	261	-2.0979769818941016	324	-1.691515520582779	261	26	23	inversion	0	TGCTGGCTGCCCCTGGGAATCTTCTCCCTGACTCCTGCTTGCTAAACCTGGCTGTAGTCCCTACAGCAGAGGTTCTCTGAGACCTCCTAGCAGGATCTCTTCCCAGGCTCTGCCTTCAGATGCCCTCCTCTCTGCCACCTCAGCTTGGGTCCATGTAGGTTGGTGCTGGGCTCTCTGGGTGAGCAGACATATCACCCATCCCTCTTCTTCCACTGCCCCTGGTCAGAGCTCCCCCTGGAGTTCCCTGTCTTGCTGTGATCA[]TGCCTCCTGCACCTGTTGTGATTCACAACAGAGGGTCATCTCTCTCAAGATAGAGAACTACAGGCTAGGCACAGTGGCTCATGCCTGTAATCCCAGCACTTTGGGAGGCCAAGGCAGGCGAATCATTTGAGGTCAGGGGTTAAGTGGCCCAGGGAGGCAAACTGCAATCTTGAAGAATCTCTCAGTAACTGGTTTCCTGGGCCACATAACCTTTCTAAGTCTCTCTCTCTCTCTCTCTCGATTTGTAAAACAGGAACAATAATACTTACCTTATATGTAAGTGACATGCGGGCAGGTACTTAAAGTAAAGCAGTATATGAAACC	ENSG00000147394	ZNF185	intron	ENSG00000235675	AC151961.1	downstream		False	1	False	2967.0	False	inversion	False	266246.0	34.0	5.0
4076712	X	-	149626131	X	-	154668812	2	27		0.0	332	-1.2750762223825272	466	-0.7603757127395079	332	31	24	inversion	0	CAGAACATGCCTCTGTAGCTTAGCAGAGGGGTCACATGCTTATTGAATAAGCACATTTTAGCTCCTGAGTGCCAACTTTTAGCCTGCAGAGATATCGACCCCACTTAGTAGATTTAGAGCCAGGCTGGTGAGCTCTGATGCCATGAGAGTCTTGGCATCAGAGCAGCTGAAACTTGGAGGGAACATGGGATAAGGAGTCAGTCCAAAGACTCTTCCCATGGTCTAGGTCCTCTCTTTTTAAATTGAGGTAAAATAGACATAGCATGAAATTAACTTTTTAAAAGTGTACAATTCGGTAGCATTTAGGACATTCACAATGTTGTGCAACTATC[]CTTGGCTATGAGTTCCCACTGCAGAGAATAAGAAGAACAGGAGGACCCCAGCAATCTTTGCCATTGAGGACCCCAGAAGCCCTTGTGACCATCACGGACCCCTAAACAGCCTTCTGCTGGAGAGGACCCCTGCAGTCTTTGCAAATGTAAAACTCAGTTGATGGAGCCTCCTGGATCTCAAGTTACTGTGGCTCCCAAAGCCAGAGAAACCAAATCCCCCTCACCTGGATGATGCAACTGTGGGCCCCTCAAAGCCAGTGCCACTGCGCTCCCCCAGCCAGTTGCCAAAAAGTGCATGTGCCCCAGACCTAGTGCTACTGCCCACTTGACCCAGATGGTGCCCTCATACTCGTTCACAGGTGAAGGCTTTTCCCTATAGTAACCAGTCCATAAAGTCTGGAAGAAGTGACCTTTTTTAATGCACAGACACTGGGTTGGGCAGGGTCTTCAAGACGGCTGATTAGAG	ENSG00000013619	MAMLD1	intron	ENSG00000185990	F8A3	downstream		False	1	False	2760.0	False	inversion	False	5042681.0	5.0	2.0
4091535	X	-	112686040	X	-	126203551	4	10		2.333333333333333	220	-1.6582499424760029	444	-0.7999229682146719	220	12	10	inversion	0	TAATATAGGCATTTATTGCTATAAATTTCCCTGTAAACATGGCTTTAGCAATATCCCAGAGTTTGGATATTTTTTCATTCATCGCAAAGTATTTTCTAATTTTCCTTGTTATTTTTTCTTTGATACATTGGTTATTTAGGAGTGTGCTGTTTAAGTTCCTCATGTTTGTAGTCAAAAAAATTTTCTCTTACTATTTCTAATTTCATTATACTGTGATCAG[]TAATATCTTGAATAACAGTGGTATAAGTAGGTATAAGAACGACCCACTGGTTATTCAGGAGCATATTGTTTAATTTCCATGTGTTTTTATGGTTTCCAAAATTCCTCTTGATGCTGATTTCTAGTTCTATTTATTATTATTGTGGTCGGAAAAGATACTAGATATATTATAATTTCATTATTTTTGAATCTTTGAAGACCTGTGGCCTAACATATGGTCTATCCTTGAGTATAATCCATGTGCTGAGAGGAAGAATGCATATTCCGCAGCTATTGCATGAAATGTTCTGTAAATACCCAATAGGTCCATTTCATCCATAATGCATATTAAGTCCGATGTTTCTTTGTTGATTTTCTGTATGGATGATCTGTACAATGCTGAAAGTGGAGTGTTGAAATCTCCAACAATTATTGTGTTGGGATCTGTCTCTCTTTTTAGCTCTAA	ENSG00000220541	RP5-1170D6.1	upstream	ENSG00000183631	CXorf64	downstream		False	1	False	3709.0	True	balanced	False	13517511.0	11.0	6.0
